ABL,OTZ,8E,Bering Air
ABL,SHG,8E,Bering Air
ABL,OBU,8E,Bering Air
OTZ,BKC,8E,Bering Air
OTZ,DRG,8E,Bering Air
OTZ,IAN,8E,Bering Air
OTZ,KVL,8E,Bering Air
OTZ,LUR,8E,Bering Air
OTZ,OBU,8E,Bering Air
OTZ,OME,8E,Bering Air
OTZ,ORV,8E,Bering Air
OTZ,PHO,8E,Bering Air
OTZ,SHG,8E,Bering Air
OTZ,WLK,8E,Bering Air
OTZ,WTK,8E,Bering Air
SHG,OBU,8E,Bering Air
BKC,DRG,8E,Bering Air
ELI,GLV,8E,Bering Air
ELI,KKA,8E,Bering Air
ELI,OME,8E,Bering Air
GLV,WMO,8E,Bering Air
KKA,OME,8E,Bering Air
KKA,SKK,8E,Bering Air
OME,GAM,8E,Bering Air
OME,KTS,8E,Bering Air
OME,SHH,8E,Bering Air
OME,SVA,8E,Bering Air
OME,TLA,8E,Bering Air
OME,TNC,8E,Bering Air
OME,UNK,8E,Bering Air
OME,WBB,8E,Bering Air
OME,WMO,8E,Bering Air
OME,SKK,8E,Bering Air
OME,WAA,8E,Bering Air
GAM,SVA,8E,Bering Air
IAN,ORV,8E,Bering Air
SKK,UNK,8E,Bering Air
KTS,WAA,8E,Bering Air
KTS,TLA,8E,Bering Air
WAA,TNC,8E,Bering Air
WAA,SHH,8E,Bering Air
KVL,PHO,8E,Bering Air
KVL,WTK,8E,Bering Air
PHO,LUR,8E,Bering Air
UNK,SMK,8E,Bering Air
UNK,WBB,8E,Bering Air
WBB,SMK,8E,Bering Air
