ABE,ATL,DL,Delta Air Lines
ABE,DTW,DL,Delta Air Lines
ATL,ABQ,DL,Delta Air Lines
ATL,ABY,DL,Delta Air Lines
ATL,AEX,DL,Delta Air Lines
ATL,AGS,DL,Delta Air Lines
ATL,ALB,DL,Delta Air Lines
ATL,AMS,DL,Delta Air Lines
ATL,ATW,DL,Delta Air Lines
ATL,AUA,DL,Delta Air Lines
ATL,AUS,DL,Delta Air Lines
ATL,AVL,DL,Delta Air Lines
ATL,AVP,DL,Delta Air Lines
ATL,AZO,DL,Delta Air Lines
ATL,BDA,DL,Delta Air Lines
ATL,BDL,DL,Delta Air Lines
ATL,BHM,DL,Delta Air Lines
ATL,BJX,DL,Delta Air Lines
ATL,BMI,DL,Delta Air Lines
ATL,BNA,DL,Delta Air Lines
ATL,BOG,DL,Delta Air Lines
ATL,BON,DL,Delta Air Lines
ATL,BOS,DL,Delta Air Lines
ATL,BQK,DL,Delta Air Lines
ATL,BRU,DL,Delta Air Lines
ATL,BSB,DL,Delta Air Lines
ATL,BTR,DL,Delta Air Lines
ATL,BTV,DL,Delta Air Lines
ATL,BUF,DL,Delta Air Lines
ATL,BWI,DL,Delta Air Lines
ATL,BZE,DL,Delta Air Lines
ATL,CAE,DL,Delta Air Lines
ATL,CAK,DL,Delta Air Lines
ATL,CCS,DL,Delta Air Lines
ATL,CDG,DL,Delta Air Lines
ATL,CHA,DL,Delta Air Lines
ATL,CHO,DL,Delta Air Lines
ATL,CHS,DL,Delta Air Lines
ATL,CID,DL,Delta Air Lines
ATL,CLE,DL,Delta Air Lines
ATL,CLT,DL,Delta Air Lines
ATL,CMH,DL,Delta Air Lines
ATL,COS,DL,Delta Air Lines
ATL,CRW,DL,Delta Air Lines
ATL,CSG,DL,Delta Air Lines
ATL,CUN,DL,Delta Air Lines
ATL,CVG,DL,Delta Air Lines
ATL,CZM,DL,Delta Air Lines
ATL,DAB,DL,Delta Air Lines
ATL,DAL,DL,Delta Air Lines
ATL,DAY,DL,Delta Air Lines
ATL,DCA,DL,Delta Air Lines
ATL,DEN,DL,Delta Air Lines
ATL,DFW,DL,Delta Air Lines
ATL,DHN,DL,Delta Air Lines
ATL,DSM,DL,Delta Air Lines
ATL,DTW,DL,Delta Air Lines
ATL,DUB,DL,Delta Air Lines
ATL,DUS,DL,Delta Air Lines
ATL,DXB,DL,Delta Air Lines
ATL,ECP,DL,Delta Air Lines
ATL,ELP,DL,Delta Air Lines
ATL,EVV,DL,Delta Air Lines
ATL,EWN,DL,Delta Air Lines
ATL,EWR,DL,Delta Air Lines
ATL,EYW,DL,Delta Air Lines
ATL,EZE,DL,Delta Air Lines
ATL,FAR,DL,Delta Air Lines
ATL,FAY,DL,Delta Air Lines
ATL,FCO,DL,Delta Air Lines
ATL,FLL,DL,Delta Air Lines
ATL,FNT,DL,Delta Air Lines
ATL,FPO,DL,Delta Air Lines
ATL,FRA,DL,Delta Air Lines
ATL,FSD,DL,Delta Air Lines
ATL,FSM,DL,Delta Air Lines
ATL,FWA,DL,Delta Air Lines
ATL,GCM,DL,Delta Air Lines
ATL,GDL,DL,Delta Air Lines
ATL,GGT,DL,Delta Air Lines
ATL,GIG,DL,Delta Air Lines
ATL,GNV,DL,Delta Air Lines
ATL,GPT,DL,Delta Air Lines
ATL,GRB,DL,Delta Air Lines
ATL,GRK,DL,Delta Air Lines
ATL,GRR,DL,Delta Air Lines
ATL,GRU,DL,Delta Air Lines
ATL,GSO,DL,Delta Air Lines
ATL,GSP,DL,Delta Air Lines
ATL,GTR,DL,Delta Air Lines
ATL,GUA,DL,Delta Air Lines
ATL,HNL,DL,Delta Air Lines
ATL,HOU,DL,Delta Air Lines
ATL,HPN,DL,Delta Air Lines
ATL,HSV,DL,Delta Air Lines
ATL,IAD,DL,Delta Air Lines
ATL,IAH,DL,Delta Air Lines
ATL,ICN,DL,Delta Air Lines
ATL,ICT,DL,Delta Air Lines
ATL,ILM,DL,Delta Air Lines
ATL,IND,DL,Delta Air Lines
ATL,JAN,DL,Delta Air Lines
ATL,JAX,DL,Delta Air Lines
ATL,JFK,DL,Delta Air Lines
ATL,JNB,DL,Delta Air Lines
ATL,KIN,DL,Delta Air Lines
ATL,LAN,DL,Delta Air Lines
ATL,LAS,DL,Delta Air Lines
ATL,LAX,DL,Delta Air Lines
ATL,LEX,DL,Delta Air Lines
ATL,LFT,DL,Delta Air Lines
ATL,LGA,DL,Delta Air Lines
ATL,LHR,DL,Delta Air Lines
ATL,LIM,DL,Delta Air Lines
ATL,LIR,DL,Delta Air Lines
ATL,LIT,DL,Delta Air Lines
ATL,LOS,DL,Delta Air Lines
ATL,MAD,DL,Delta Air Lines
ATL,MAN,DL,Delta Air Lines
ATL,MBJ,DL,Delta Air Lines
ATL,MBS,DL,Delta Air Lines
ATL,MCI,DL,Delta Air Lines
ATL,MCO,DL,Delta Air Lines
ATL,MDT,DL,Delta Air Lines
ATL,MDW,DL,Delta Air Lines
ATL,MEM,DL,Delta Air Lines
ATL,MEX,DL,Delta Air Lines
ATL,MGA,DL,Delta Air Lines
ATL,MGM,DL,Delta Air Lines
ATL,MHT,DL,Delta Air Lines
ATL,MIA,DL,Delta Air Lines
ATL,MKE,DL,Delta Air Lines
ATL,MLB,DL,Delta Air Lines
ATL,MLI,DL,Delta Air Lines
ATL,MLU,DL,Delta Air Lines
ATL,MOB,DL,Delta Air Lines
ATL,MSN,DL,Delta Air Lines
ATL,MSP,DL,Delta Air Lines
ATL,MSY,DL,Delta Air Lines
ATL,MTY,DL,Delta Air Lines
ATL,MUC,DL,Delta Air Lines
ATL,MYR,DL,Delta Air Lines
ATL,NAS,DL,Delta Air Lines
ATL,NRT,DL,Delta Air Lines
ATL,OAJ,DL,Delta Air Lines
ATL,OKC,DL,Delta Air Lines
ATL,OMA,DL,Delta Air Lines
ATL,ORD,DL,Delta Air Lines
ATL,ORF,DL,Delta Air Lines
ATL,PAP,DL,Delta Air Lines
ATL,PBI,DL,Delta Air Lines
ATL,PDX,DL,Delta Air Lines
ATL,PHF,DL,Delta Air Lines
ATL,PHL,DL,Delta Air Lines
ATL,PHX,DL,Delta Air Lines
ATL,PIA,DL,Delta Air Lines
ATL,PIT,DL,Delta Air Lines
ATL,PLS,DL,Delta Air Lines
ATL,PNS,DL,Delta Air Lines
ATL,PTY,DL,Delta Air Lines
ATL,PUJ,DL,Delta Air Lines
ATL,PVD,DL,Delta Air Lines
ATL,PVR,DL,Delta Air Lines
ATL,PWM,DL,Delta Air Lines
ATL,RDU,DL,Delta Air Lines
ATL,RIC,DL,Delta Air Lines
ATL,ROA,DL,Delta Air Lines
ATL,ROC,DL,Delta Air Lines
ATL,RSW,DL,Delta Air Lines
ATL,RTB,DL,Delta Air Lines
ATL,SAL,DL,Delta Air Lines
ATL,SAN,DL,Delta Air Lines
ATL,SAP,DL,Delta Air Lines
ATL,SAT,DL,Delta Air Lines
ATL,SAV,DL,Delta Air Lines
ATL,SBN,DL,Delta Air Lines
ATL,SCL,DL,Delta Air Lines
ATL,SDF,DL,Delta Air Lines
ATL,SDQ,DL,Delta Air Lines
ATL,SEA,DL,Delta Air Lines
ATL,SFO,DL,Delta Air Lines
ATL,SGF,DL,Delta Air Lines
ATL,SHV,DL,Delta Air Lines
ATL,SJC,DL,Delta Air Lines
ATL,SJD,DL,Delta Air Lines
ATL,SJO,DL,Delta Air Lines
ATL,SJU,DL,Delta Air Lines
ATL,SLC,DL,Delta Air Lines
ATL,SMF,DL,Delta Air Lines
ATL,SNA,DL,Delta Air Lines
ATL,SRQ,DL,Delta Air Lines
ATL,STL,DL,Delta Air Lines
ATL,STR,DL,Delta Air Lines
ATL,STT,DL,Delta Air Lines
ATL,SXM,DL,Delta Air Lines
ATL,SYR,DL,Delta Air Lines
ATL,TGU,DL,Delta Air Lines
ATL,TLH,DL,Delta Air Lines
ATL,TPA,DL,Delta Air Lines
ATL,TRI,DL,Delta Air Lines
ATL,TUL,DL,Delta Air Lines
ATL,TUS,DL,Delta Air Lines
ATL,TYS,DL,Delta Air Lines
ATL,UIO,DL,Delta Air Lines
ATL,UVF,DL,Delta Air Lines
ATL,VLD,DL,Delta Air Lines
ATL,VPS,DL,Delta Air Lines
ATL,XNA,DL,Delta Air Lines
ATL,YUL,DL,Delta Air Lines
ATL,YYZ,DL,Delta Air Lines
ATL,ZRH,DL,Delta Air Lines
DTW,ALB,DL,Delta Air Lines
DTW,AMS,DL,Delta Air Lines
DTW,APN,DL,Delta Air Lines
DTW,ATW,DL,Delta Air Lines
DTW,AUS,DL,Delta Air Lines
DTW,AVL,DL,Delta Air Lines
DTW,AVP,DL,Delta Air Lines
DTW,AZO,DL,Delta Air Lines
DTW,BDL,DL,Delta Air Lines
DTW,BGM,DL,Delta Air Lines
DTW,BGR,DL,Delta Air Lines
DTW,BHM,DL,Delta Air Lines
DTW,BMI,DL,Delta Air Lines
DTW,BNA,DL,Delta Air Lines
DTW,BOS,DL,Delta Air Lines
DTW,BTV,DL,Delta Air Lines
DTW,BUF,DL,Delta Air Lines
DTW,BWI,DL,Delta Air Lines
DTW,CAE,DL,Delta Air Lines
DTW,CAK,DL,Delta Air Lines
DTW,CDG,DL,Delta Air Lines
DTW,CHA,DL,Delta Air Lines
DTW,CHS,DL,Delta Air Lines
DTW,CID,DL,Delta Air Lines
DTW,CIU,DL,Delta Air Lines
DTW,CLE,DL,Delta Air Lines
DTW,CLT,DL,Delta Air Lines
DTW,CMH,DL,Delta Air Lines
DTW,CRW,DL,Delta Air Lines
DTW,CUN,DL,Delta Air Lines
DTW,CVG,DL,Delta Air Lines
DTW,CWA,DL,Delta Air Lines
DTW,DAY,DL,Delta Air Lines
DTW,DCA,DL,Delta Air Lines
DTW,DEN,DL,Delta Air Lines
DTW,DFW,DL,Delta Air Lines
DTW,DSM,DL,Delta Air Lines
DTW,ELM,DL,Delta Air Lines
DTW,ERI,DL,Delta Air Lines
DTW,ESC,DL,Delta Air Lines
DTW,EVV,DL,Delta Air Lines
DTW,EWR,DL,Delta Air Lines
DTW,FLL,DL,Delta Air Lines
DTW,FRA,DL,Delta Air Lines
DTW,FWA,DL,Delta Air Lines
DTW,GCM,DL,Delta Air Lines
DTW,GRB,DL,Delta Air Lines
DTW,GRR,DL,Delta Air Lines
DTW,GRU,DL,Delta Air Lines
DTW,GSO,DL,Delta Air Lines
DTW,GSP,DL,Delta Air Lines
DTW,HPN,DL,Delta Air Lines
DTW,HSV,DL,Delta Air Lines
DTW,IAD,DL,Delta Air Lines
DTW,IAH,DL,Delta Air Lines
DTW,ICN,DL,Delta Air Lines
DTW,IND,DL,Delta Air Lines
DTW,ITH,DL,Delta Air Lines
DTW,JAX,DL,Delta Air Lines
DTW,JFK,DL,Delta Air Lines
DTW,LAN,DL,Delta Air Lines
DTW,LAS,DL,Delta Air Lines
DTW,LAX,DL,Delta Air Lines
DTW,LEX,DL,Delta Air Lines
DTW,LGA,DL,Delta Air Lines
DTW,LHR,DL,Delta Air Lines
DTW,LIT,DL,Delta Air Lines
DTW,MBJ,DL,Delta Air Lines
DTW,MBS,DL,Delta Air Lines
DTW,MCI,DL,Delta Air Lines
DTW,MCO,DL,Delta Air Lines
DTW,MDT,DL,Delta Air Lines
DTW,MDW,DL,Delta Air Lines
DTW,MEM,DL,Delta Air Lines
DTW,MEX,DL,Delta Air Lines
DTW,MHT,DL,Delta Air Lines
DTW,MIA,DL,Delta Air Lines
DTW,MKE,DL,Delta Air Lines
DTW,MLI,DL,Delta Air Lines
DTW,MQT,DL,Delta Air Lines
DTW,MSN,DL,Delta Air Lines
DTW,MSP,DL,Delta Air Lines
DTW,MSY,DL,Delta Air Lines
DTW,MTY,DL,Delta Air Lines
DTW,MYR,DL,Delta Air Lines
DTW,NAS,DL,Delta Air Lines
DTW,NGO,DL,Delta Air Lines
DTW,NRT,DL,Delta Air Lines
DTW,OKC,DL,Delta Air Lines
DTW,OMA,DL,Delta Air Lines
DTW,ORD,DL,Delta Air Lines
DTW,ORF,DL,Delta Air Lines
DTW,PBI,DL,Delta Air Lines
DTW,PDX,DL,Delta Air Lines
DTW,PEK,DL,Delta Air Lines
DTW,PHL,DL,Delta Air Lines
DTW,PHX,DL,Delta Air Lines
DTW,PIA,DL,Delta Air Lines
DTW,PIT,DL,Delta Air Lines
DTW,PLN,DL,Delta Air Lines
DTW,PUJ,DL,Delta Air Lines
DTW,PVD,DL,Delta Air Lines
DTW,PVG,DL,Delta Air Lines
DTW,PWM,DL,Delta Air Lines
DTW,RDU,DL,Delta Air Lines
DTW,RIC,DL,Delta Air Lines
DTW,ROA,DL,Delta Air Lines
DTW,ROC,DL,Delta Air Lines
DTW,RSW,DL,Delta Air Lines
DTW,SAN,DL,Delta Air Lines
DTW,SAT,DL,Delta Air Lines
DTW,SAV,DL,Delta Air Lines
DTW,SBN,DL,Delta Air Lines
DTW,SCE,DL,Delta Air Lines
DTW,SDF,DL,Delta Air Lines
DTW,SEA,DL,Delta Air Lines
DTW,SFO,DL,Delta Air Lines
DTW,SJU,DL,Delta Air Lines
DTW,SLC,DL,Delta Air Lines
DTW,STL,DL,Delta Air Lines
DTW,SWF,DL,Delta Air Lines
DTW,SYR,DL,Delta Air Lines
DTW,TPA,DL,Delta Air Lines
DTW,TUL,DL,Delta Air Lines
DTW,TVC,DL,Delta Air Lines
DTW,TYS,DL,Delta Air Lines
DTW,XNA,DL,Delta Air Lines
DTW,YOW,DL,Delta Air Lines
DTW,YUL,DL,Delta Air Lines
DTW,YYZ,DL,Delta Air Lines
ABQ,MSP,DL,Delta Air Lines
ABQ,SLC,DL,Delta Air Lines
MSP,ABR,DL,Delta Air Lines
MSP,ALB,DL,Delta Air Lines
MSP,AMS,DL,Delta Air Lines
MSP,ANC,DL,Delta Air Lines
MSP,APN,DL,Delta Air Lines
MSP,ATW,DL,Delta Air Lines
MSP,AUS,DL,Delta Air Lines
MSP,AZO,DL,Delta Air Lines
MSP,BDL,DL,Delta Air Lines
MSP,BHM,DL,Delta Air Lines
MSP,BIL,DL,Delta Air Lines
MSP,BIS,DL,Delta Air Lines
MSP,BJI,DL,Delta Air Lines
MSP,BMI,DL,Delta Air Lines
MSP,BNA,DL,Delta Air Lines
MSP,BOI,DL,Delta Air Lines
MSP,BOS,DL,Delta Air Lines
MSP,BRD,DL,Delta Air Lines
MSP,BUF,DL,Delta Air Lines
MSP,BWI,DL,Delta Air Lines
MSP,BZN,DL,Delta Air Lines
MSP,CDG,DL,Delta Air Lines
MSP,CID,DL,Delta Air Lines
MSP,CLE,DL,Delta Air Lines
MSP,CLT,DL,Delta Air Lines
MSP,CMH,DL,Delta Air Lines
MSP,CUN,DL,Delta Air Lines
MSP,CVG,DL,Delta Air Lines
MSP,CWA,DL,Delta Air Lines
MSP,DAY,DL,Delta Air Lines
MSP,DCA,DL,Delta Air Lines
MSP,DEN,DL,Delta Air Lines
MSP,DFW,DL,Delta Air Lines
MSP,DIK,DL,Delta Air Lines
MSP,DLH,DL,Delta Air Lines
MSP,DSM,DL,Delta Air Lines
MSP,EWR,DL,Delta Air Lines
MSP,FAR,DL,Delta Air Lines
MSP,FCA,DL,Delta Air Lines
MSP,FLL,DL,Delta Air Lines
MSP,FNT,DL,Delta Air Lines
MSP,FSD,DL,Delta Air Lines
MSP,FWA,DL,Delta Air Lines
MSP,GEG,DL,Delta Air Lines
MSP,GFK,DL,Delta Air Lines
MSP,GRB,DL,Delta Air Lines
MSP,GRR,DL,Delta Air Lines
MSP,GTF,DL,Delta Air Lines
MSP,HIB,DL,Delta Air Lines
MSP,HLN,DL,Delta Air Lines
MSP,IAD,DL,Delta Air Lines
MSP,IAH,DL,Delta Air Lines
MSP,ICT,DL,Delta Air Lines
MSP,IMT,DL,Delta Air Lines
MSP,IND,DL,Delta Air Lines
MSP,INL,DL,Delta Air Lines
MSP,ISN,DL,Delta Air Lines
MSP,JAX,DL,Delta Air Lines
MSP,JFK,DL,Delta Air Lines
MSP,LAN,DL,Delta Air Lines
MSP,LAS,DL,Delta Air Lines
MSP,LAX,DL,Delta Air Lines
MSP,LEX,DL,Delta Air Lines
MSP,LGA,DL,Delta Air Lines
MSP,LHR,DL,Delta Air Lines
MSP,LNK,DL,Delta Air Lines
MSP,LSE,DL,Delta Air Lines
MSP,MBS,DL,Delta Air Lines
MSP,MCI,DL,Delta Air Lines
MSP,MCO,DL,Delta Air Lines
MSP,MDW,DL,Delta Air Lines
MSP,MEM,DL,Delta Air Lines
MSP,MIA,DL,Delta Air Lines
MSP,MKE,DL,Delta Air Lines
MSP,MLI,DL,Delta Air Lines
MSP,MOT,DL,Delta Air Lines
MSP,MSN,DL,Delta Air Lines
MSP,MSO,DL,Delta Air Lines
MSP,MSY,DL,Delta Air Lines
MSP,NRT,DL,Delta Air Lines
MSP,OKC,DL,Delta Air Lines
MSP,OMA,DL,Delta Air Lines
MSP,ORD,DL,Delta Air Lines
MSP,ORF,DL,Delta Air Lines
MSP,PDX,DL,Delta Air Lines
MSP,PHL,DL,Delta Air Lines
MSP,PHX,DL,Delta Air Lines
MSP,PIA,DL,Delta Air Lines
MSP,PIT,DL,Delta Air Lines
MSP,PSC,DL,Delta Air Lines
MSP,PSP,DL,Delta Air Lines
MSP,RAP,DL,Delta Air Lines
MSP,RDU,DL,Delta Air Lines
MSP,RHI,DL,Delta Air Lines
MSP,RIC,DL,Delta Air Lines
MSP,ROC,DL,Delta Air Lines
MSP,RST,DL,Delta Air Lines
MSP,RSW,DL,Delta Air Lines
MSP,SAN,DL,Delta Air Lines
MSP,SAT,DL,Delta Air Lines
MSP,SBN,DL,Delta Air Lines
MSP,SDF,DL,Delta Air Lines
MSP,SEA,DL,Delta Air Lines
MSP,SFO,DL,Delta Air Lines
MSP,SJC,DL,Delta Air Lines
MSP,SLC,DL,Delta Air Lines
MSP,SMF,DL,Delta Air Lines
MSP,SNA,DL,Delta Air Lines
MSP,STL,DL,Delta Air Lines
MSP,SYR,DL,Delta Air Lines
MSP,TPA,DL,Delta Air Lines
MSP,TUL,DL,Delta Air Lines
MSP,TUS,DL,Delta Air Lines
MSP,TVC,DL,Delta Air Lines
MSP,TYS,DL,Delta Air Lines
MSP,XNA,DL,Delta Air Lines
MSP,YEG,DL,Delta Air Lines
MSP,YQR,DL,Delta Air Lines
MSP,YUL,DL,Delta Air Lines
MSP,YVR,DL,Delta Air Lines
MSP,YWG,DL,Delta Air Lines
MSP,YXE,DL,Delta Air Lines
MSP,YYC,DL,Delta Air Lines
MSP,YYZ,DL,Delta Air Lines
SLC,ANC,DL,Delta Air Lines
SLC,AUS,DL,Delta Air Lines
SLC,BIL,DL,Delta Air Lines
SLC,BNA,DL,Delta Air Lines
SLC,BOI,DL,Delta Air Lines
SLC,BOS,DL,Delta Air Lines
SLC,BTM,DL,Delta Air Lines
SLC,BUR,DL,Delta Air Lines
SLC,BWI,DL,Delta Air Lines
SLC,BZN,DL,Delta Air Lines
SLC,CDC,DL,Delta Air Lines
SLC,CDG,DL,Delta Air Lines
SLC,CLT,DL,Delta Air Lines
SLC,CNY,DL,Delta Air Lines
SLC,COD,DL,Delta Air Lines
SLC,COS,DL,Delta Air Lines
SLC,CPR,DL,Delta Air Lines
SLC,CUN,DL,Delta Air Lines
SLC,CVG,DL,Delta Air Lines
SLC,DCA,DL,Delta Air Lines
SLC,DEN,DL,Delta Air Lines
SLC,DFW,DL,Delta Air Lines
SLC,EKO,DL,Delta Air Lines
SLC,EUG,DL,Delta Air Lines
SLC,EWR,DL,Delta Air Lines
SLC,FAR,DL,Delta Air Lines
SLC,FAT,DL,Delta Air Lines
SLC,FCA,DL,Delta Air Lines
SLC,GCC,DL,Delta Air Lines
SLC,GDL,DL,Delta Air Lines
SLC,GEG,DL,Delta Air Lines
SLC,GJT,DL,Delta Air Lines
SLC,GTF,DL,Delta Air Lines
SLC,HLN,DL,Delta Air Lines
SLC,HNL,DL,Delta Air Lines
SLC,IAH,DL,Delta Air Lines
SLC,IDA,DL,Delta Air Lines
SLC,IND,DL,Delta Air Lines
SLC,JAC,DL,Delta Air Lines
SLC,JFK,DL,Delta Air Lines
SLC,LAS,DL,Delta Air Lines
SLC,LAX,DL,Delta Air Lines
SLC,LGB,DL,Delta Air Lines
SLC,LWS,DL,Delta Air Lines
SLC,MCI,DL,Delta Air Lines
SLC,MCO,DL,Delta Air Lines
SLC,MEM,DL,Delta Air Lines
SLC,MFR,DL,Delta Air Lines
SLC,MSN,DL,Delta Air Lines
SLC,MSO,DL,Delta Air Lines
SLC,MSY,DL,Delta Air Lines
SLC,OAK,DL,Delta Air Lines
SLC,OKC,DL,Delta Air Lines
SLC,OMA,DL,Delta Air Lines
SLC,ONT,DL,Delta Air Lines
SLC,ORD,DL,Delta Air Lines
SLC,PDX,DL,Delta Air Lines
SLC,PHL,DL,Delta Air Lines
SLC,PHX,DL,Delta Air Lines
SLC,PIH,DL,Delta Air Lines
SLC,PSC,DL,Delta Air Lines
SLC,PSP,DL,Delta Air Lines
SLC,PVR,DL,Delta Air Lines
SLC,RAP,DL,Delta Air Lines
SLC,RDM,DL,Delta Air Lines
SLC,RDU,DL,Delta Air Lines
SLC,RKS,DL,Delta Air Lines
SLC,RNO,DL,Delta Air Lines
SLC,SAN,DL,Delta Air Lines
SLC,SAT,DL,Delta Air Lines
SLC,SEA,DL,Delta Air Lines
SLC,SFO,DL,Delta Air Lines
SLC,SGU,DL,Delta Air Lines
SLC,SJC,DL,Delta Air Lines
SLC,SJD,DL,Delta Air Lines
SLC,SMF,DL,Delta Air Lines
SLC,SNA,DL,Delta Air Lines
SLC,STL,DL,Delta Air Lines
SLC,TUL,DL,Delta Air Lines
SLC,TUS,DL,Delta Air Lines
SLC,TWF,DL,Delta Air Lines
SLC,VEL,DL,Delta Air Lines
SLC,YVR,DL,Delta Air Lines
SLC,YYC,DL,Delta Air Lines
ABV,CDG,DL,Delta Air Lines
ABV,PHC,DL,Delta Air Lines
CDG,BOS,DL,Delta Air Lines
CDG,CMN,DL,Delta Air Lines
CDG,CVG,DL,Delta Air Lines
CDG,EWR,DL,Delta Air Lines
CDG,IAD,DL,Delta Air Lines
CDG,IAH,DL,Delta Air Lines
CDG,JFK,DL,Delta Air Lines
CDG,LAX,DL,Delta Air Lines
CDG,LYS,DL,Delta Air Lines
CDG,MIA,DL,Delta Air Lines
CDG,NIM,DL,Delta Air Lines
CDG,ORD,DL,Delta Air Lines
CDG,PHL,DL,Delta Air Lines
CDG,PIT,DL,Delta Air Lines
CDG,SEA,DL,Delta Air Lines
CDG,SFO,DL,Delta Air Lines
CDG,TLS,DL,Delta Air Lines
CDG,YUL,DL,Delta Air Lines
CDG,YYZ,DL,Delta Air Lines
CDG,MRS,DL,Delta Air Lines
ACC,JFK,DL,Delta Air Lines
ACC,ROB,DL,Delta Air Lines
JFK,AMS,DL,Delta Air Lines
JFK,AUA,DL,Delta Air Lines
JFK,AUS,DL,Delta Air Lines
JFK,BCN,DL,Delta Air Lines
JFK,BDA,DL,Delta Air Lines
JFK,BNA,DL,Delta Air Lines
JFK,BOG,DL,Delta Air Lines
JFK,BOS,DL,Delta Air Lines
JFK,BRU,DL,Delta Air Lines
JFK,BUF,DL,Delta Air Lines
JFK,BWI,DL,Delta Air Lines
JFK,CHS,DL,Delta Air Lines
JFK,CLE,DL,Delta Air Lines
JFK,CLT,DL,Delta Air Lines
JFK,CMH,DL,Delta Air Lines
JFK,CUN,DL,Delta Air Lines
JFK,CVG,DL,Delta Air Lines
JFK,DCA,DL,Delta Air Lines
JFK,DEN,DL,Delta Air Lines
JFK,DFW,DL,Delta Air Lines
JFK,DKR,DL,Delta Air Lines
JFK,DUB,DL,Delta Air Lines
JFK,FCO,DL,Delta Air Lines
JFK,FLL,DL,Delta Air Lines
JFK,FRA,DL,Delta Air Lines
JFK,GND,DL,Delta Air Lines
JFK,GRU,DL,Delta Air Lines
JFK,GUA,DL,Delta Air Lines
JFK,IAD,DL,Delta Air Lines
JFK,ICN,DL,Delta Air Lines
JFK,IND,DL,Delta Air Lines
JFK,JAX,DL,Delta Air Lines
JFK,LAS,DL,Delta Air Lines
JFK,LAX,DL,Delta Air Lines
JFK,LHR,DL,Delta Air Lines
JFK,LIR,DL,Delta Air Lines
JFK,MAD,DL,Delta Air Lines
JFK,MBJ,DL,Delta Air Lines
JFK,MCO,DL,Delta Air Lines
JFK,MEX,DL,Delta Air Lines
JFK,MIA,DL,Delta Air Lines
JFK,MSY,DL,Delta Air Lines
JFK,MXP,DL,Delta Air Lines
JFK,NAS,DL,Delta Air Lines
JFK,NCE,DL,Delta Air Lines
JFK,NRT,DL,Delta Air Lines
JFK,ORD,DL,Delta Air Lines
JFK,ORF,DL,Delta Air Lines
JFK,PAP,DL,Delta Air Lines
JFK,PDX,DL,Delta Air Lines
JFK,PHL,DL,Delta Air Lines
JFK,PHX,DL,Delta Air Lines
JFK,PIT,DL,Delta Air Lines
JFK,PLS,DL,Delta Air Lines
JFK,PUJ,DL,Delta Air Lines
JFK,PVG,DL,Delta Air Lines
JFK,RDU,DL,Delta Air Lines
JFK,RIC,DL,Delta Air Lines
JFK,ROC,DL,Delta Air Lines
JFK,SAN,DL,Delta Air Lines
JFK,SAT,DL,Delta Air Lines
JFK,SAV,DL,Delta Air Lines
JFK,SDF,DL,Delta Air Lines
JFK,SDQ,DL,Delta Air Lines
JFK,SEA,DL,Delta Air Lines
JFK,SFO,DL,Delta Air Lines
JFK,SJO,DL,Delta Air Lines
JFK,SJU,DL,Delta Air Lines
JFK,STI,DL,Delta Air Lines
JFK,STL,DL,Delta Air Lines
JFK,STT,DL,Delta Air Lines
JFK,SVO,DL,Delta Air Lines
JFK,SXM,DL,Delta Air Lines
JFK,SYR,DL,Delta Air Lines
JFK,TLV,DL,Delta Air Lines
JFK,TPA,DL,Delta Air Lines
JFK,VCE,DL,Delta Air Lines
JFK,YUL,DL,Delta Air Lines
JFK,YYC,DL,Delta Air Lines
JFK,YYZ,DL,Delta Air Lines
AMS,AUH,DL,Delta Air Lines
AMS,BOM,DL,Delta Air Lines
AMS,BOS,DL,Delta Air Lines
AMS,DFW,DL,Delta Air Lines
AMS,DMM,DL,Delta Air Lines
AMS,DOH,DL,Delta Air Lines
AMS,EWR,DL,Delta Air Lines
AMS,HRE,DL,Delta Air Lines
AMS,IAD,DL,Delta Air Lines
AMS,IAH,DL,Delta Air Lines
AMS,JRO,DL,Delta Air Lines
AMS,KGL,DL,Delta Air Lines
AMS,KWI,DL,Delta Air Lines
AMS,LAX,DL,Delta Air Lines
AMS,ORD,DL,Delta Air Lines
AMS,PDX,DL,Delta Air Lines
AMS,SEA,DL,Delta Air Lines
AMS,SFO,DL,Delta Air Lines
AMS,YUL,DL,Delta Air Lines
AMS,YVR,DL,Delta Air Lines
AMS,YYC,DL,Delta Air Lines
AMS,YYZ,DL,Delta Air Lines
AMS,DAR,DL,Delta Air Lines
AMS,EBB,DL,Delta Air Lines
AMS,HAM,DL,Delta Air Lines
AMS,LUN,DL,Delta Air Lines
AUH,BAH,DL,Delta Air Lines
BOS,BDA,DL,Delta Air Lines
BOS,CHS,DL,Delta Air Lines
BOS,CMH,DL,Delta Air Lines
BOS,CUN,DL,Delta Air Lines
BOS,CVG,DL,Delta Air Lines
BOS,FCO,DL,Delta Air Lines
BOS,IND,DL,Delta Air Lines
BOS,JAX,DL,Delta Air Lines
BOS,LAS,DL,Delta Air Lines
BOS,LAX,DL,Delta Air Lines
BOS,LGA,DL,Delta Air Lines
BOS,LHR,DL,Delta Air Lines
BOS,MCO,DL,Delta Air Lines
BOS,MYR,DL,Delta Air Lines
BOS,NAS,DL,Delta Air Lines
BOS,PLS,DL,Delta Air Lines
BOS,RDU,DL,Delta Air Lines
BOS,RIC,DL,Delta Air Lines
DFW,CVG,DL,Delta Air Lines
DFW,ICN,DL,Delta Air Lines
DFW,LGA,DL,Delta Air Lines
DFW,MEM,DL,Delta Air Lines
DFW,MEX,DL,Delta Air Lines
DFW,YYC,DL,Delta Air Lines
DMM,KWI,DL,Delta Air Lines
DOH,MCT,DL,Delta Air Lines
EWR,CVG,DL,Delta Air Lines
EWR,LHR,DL,Delta Air Lines
HRE,LUN,DL,Delta Air Lines
IAD,ICN,DL,Delta Air Lines
IAD,LHR,DL,Delta Air Lines
IAD,MEX,DL,Delta Air Lines
IAD,SVO,DL,Delta Air Lines
IAH,CVG,DL,Delta Air Lines
IAH,LGA,DL,Delta Air Lines
IAH,MEM,DL,Delta Air Lines
IAH,MEX,DL,Delta Air Lines
IAH,SEA,DL,Delta Air Lines
JRO,DAR,DL,Delta Air Lines
KGL,EBB,DL,Delta Air Lines
LAX,BJX,DL,Delta Air Lines
LAX,BNA,DL,Delta Air Lines
LAX,BNE,DL,Delta Air Lines
LAX,BZE,DL,Delta Air Lines
LAX,CAN,DL,Delta Air Lines
LAX,CMH,DL,Delta Air Lines
LAX,CUN,DL,Delta Air Lines
LAX,CVG,DL,Delta Air Lines
LAX,DCA,DL,Delta Air Lines
LAX,FCO,DL,Delta Air Lines
LAX,GDL,DL,Delta Air Lines
LAX,GEG,DL,Delta Air Lines
LAX,GUA,DL,Delta Air Lines
LAX,HMO,DL,Delta Air Lines
LAX,HND,DL,Delta Air Lines
LAX,HNL,DL,Delta Air Lines
LAX,ICN,DL,Delta Air Lines
LAX,IND,DL,Delta Air Lines
LAX,KOA,DL,Delta Air Lines
LAX,LAS,DL,Delta Air Lines
LAX,LHR,DL,Delta Air Lines
LAX,LIH,DL,Delta Air Lines
LAX,LIR,DL,Delta Air Lines
LAX,MCI,DL,Delta Air Lines
LAX,MCO,DL,Delta Air Lines
LAX,MEL,DL,Delta Air Lines
LAX,MEM,DL,Delta Air Lines
LAX,MEX,DL,Delta Air Lines
LAX,MIA,DL,Delta Air Lines
LAX,MSY,DL,Delta Air Lines
LAX,NRT,DL,Delta Air Lines
LAX,OAK,DL,Delta Air Lines
LAX,OGG,DL,Delta Air Lines
LAX,PDX,DL,Delta Air Lines
LAX,PHX,DL,Delta Air Lines
LAX,PPT,DL,Delta Air Lines
LAX,PVG,DL,Delta Air Lines
LAX,PVR,DL,Delta Air Lines
LAX,RDU,DL,Delta Air Lines
LAX,SAN,DL,Delta Air Lines
LAX,SEA,DL,Delta Air Lines
LAX,SFO,DL,Delta Air Lines
LAX,SJC,DL,Delta Air Lines
LAX,SJO,DL,Delta Air Lines
LAX,SMF,DL,Delta Air Lines
LAX,SVO,DL,Delta Air Lines
LAX,SYD,DL,Delta Air Lines
LAX,TPA,DL,Delta Air Lines
LAX,TPE,DL,Delta Air Lines
LAX,YEG,DL,Delta Air Lines
LAX,YYC,DL,Delta Air Lines
ORD,CVG,DL,Delta Air Lines
ORD,FCO,DL,Delta Air Lines
ORD,GDL,DL,Delta Air Lines
ORD,ICN,DL,Delta Air Lines
ORD,LGA,DL,Delta Air Lines
ORD,LHR,DL,Delta Air Lines
ORD,MEM,DL,Delta Air Lines
ORD,MEX,DL,Delta Air Lines
ORD,YVR,DL,Delta Air Lines
ORD,YYC,DL,Delta Air Lines
PDX,NRT,DL,Delta Air Lines
SEA,ANC,DL,Delta Air Lines
SEA,HND,DL,Delta Air Lines
SEA,HNL,DL,Delta Air Lines
SEA,ICN,DL,Delta Air Lines
SEA,LAS,DL,Delta Air Lines
SEA,LHR,DL,Delta Air Lines
SEA,NRT,DL,Delta Air Lines
SEA,PEK,DL,Delta Air Lines
SEA,PVG,DL,Delta Air Lines
SEA,SAN,DL,Delta Air Lines
SEA,SFO,DL,Delta Air Lines
SEA,YVR,DL,Delta Air Lines
SEA,SMF,DL,Delta Air Lines
SFO,CVG,DL,Delta Air Lines
SFO,HNL,DL,Delta Air Lines
SFO,ICN,DL,Delta Air Lines
SFO,LHR,DL,Delta Air Lines
SFO,MEX,DL,Delta Air Lines
SFO,PSP,DL,Delta Air Lines
SFO,PVG,DL,Delta Air Lines
SFO,TPE,DL,Delta Air Lines
YUL,LGA,DL,Delta Air Lines
YVR,HNL,DL,Delta Air Lines
YVR,LAS,DL,Delta Air Lines
YVR,SNA,DL,Delta Air Lines
YYC,LAS,DL,Delta Air Lines
YYZ,CVG,DL,Delta Air Lines
YYZ,FCO,DL,Delta Air Lines
YYZ,FLL,DL,Delta Air Lines
YYZ,LAS,DL,Delta Air Lines
YYZ,LGA,DL,Delta Air Lines
YYZ,MCO,DL,Delta Air Lines
AUA,LGA,DL,Delta Air Lines
AUS,MCO,DL,Delta Air Lines
AUS,MEM,DL,Delta Air Lines
BDL,CVG,DL,Delta Air Lines
BDL,MCO,DL,Delta Air Lines
BDL,RDU,DL,Delta Air Lines
BHM,LGA,DL,Delta Air Lines
BHM,MCO,DL,Delta Air Lines
BNA,CVG,DL,Delta Air Lines
BNA,LGA,DL,Delta Air Lines
BNA,MCO,DL,Delta Air Lines
BTV,LGA,DL,Delta Air Lines
BUF,LGA,DL,Delta Air Lines
BWI,CVG,DL,Delta Air Lines
BWI,RDU,DL,Delta Air Lines
CAE,LGA,DL,Delta Air Lines
CHO,LGA,DL,Delta Air Lines
CHS,LGA,DL,Delta Air Lines
CLE,LGA,DL,Delta Air Lines
CLT,CVG,DL,Delta Air Lines
CLT,LGA,DL,Delta Air Lines
CMH,LGA,DL,Delta Air Lines
CMH,MCO,DL,Delta Air Lines
CMH,RDU,DL,Delta Air Lines
CMH,RSW,DL,Delta Air Lines
CMH,TPA,DL,Delta Air Lines
CUN,CVG,DL,Delta Air Lines
CUN,IND,DL,Delta Air Lines
CUN,MCO,DL,Delta Air Lines
CUN,RDU,DL,Delta Air Lines
CVG,DCA,DL,Delta Air Lines
CVG,DEN,DL,Delta Air Lines
CVG,FLL,DL,Delta Air Lines
CVG,GRR,DL,Delta Air Lines
CVG,JAX,DL,Delta Air Lines
CVG,LAS,DL,Delta Air Lines
CVG,LGA,DL,Delta Air Lines
CVG,MCI,DL,Delta Air Lines
CVG,MCO,DL,Delta Air Lines
CVG,MEM,DL,Delta Air Lines
CVG,MKE,DL,Delta Air Lines
CVG,MSN,DL,Delta Air Lines
CVG,MSY,DL,Delta Air Lines
CVG,PHL,DL,Delta Air Lines
CVG,PIT,DL,Delta Air Lines
CVG,PUJ,DL,Delta Air Lines
CVG,RDU,DL,Delta Air Lines
CVG,RIC,DL,Delta Air Lines
CVG,RSW,DL,Delta Air Lines
CVG,STL,DL,Delta Air Lines
CVG,TPA,DL,Delta Air Lines
CVG,XNA,DL,Delta Air Lines
DAY,LGA,DL,Delta Air Lines
DCA,LEX,DL,Delta Air Lines
DCA,LGA,DL,Delta Air Lines
DCA,MEM,DL,Delta Air Lines
DCA,MSN,DL,Delta Air Lines
DCA,OMA,DL,Delta Air Lines
DEN,LGA,DL,Delta Air Lines
DEN,MEM,DL,Delta Air Lines
DSM,LGA,DL,Delta Air Lines
EYW,LGA,DL,Delta Air Lines
FCO,MIA,DL,Delta Air Lines
FLL,LGA,DL,Delta Air Lines
FLL,RDU,DL,Delta Air Lines
GDL,FAT,DL,Delta Air Lines
GDL,MTY,DL,Delta Air Lines
GDL,ONT,DL,Delta Air Lines
GDL,SMF,DL,Delta Air Lines
GIG,SDQ,DL,Delta Air Lines
GRR,LGA,DL,Delta Air Lines
GRR,MCO,DL,Delta Air Lines
GRU,SDQ,DL,Delta Air Lines
GSO,LGA,DL,Delta Air Lines
GSP,LGA,DL,Delta Air Lines
HNL,FUK,DL,Delta Air Lines
HNL,ICN,DL,Delta Air Lines
HNL,KIX,DL,Delta Air Lines
HNL,NGO,DL,Delta Air Lines
HNL,NRT,DL,Delta Air Lines
HPN,MCO,DL,Delta Air Lines
ICN,LAS,DL,Delta Air Lines
ICN,REP,DL,Delta Air Lines
ILM,LGA,DL,Delta Air Lines
IND,LGA,DL,Delta Air Lines
IND,MBJ,DL,Delta Air Lines
IND,MCO,DL,Delta Air Lines
IND,MEM,DL,Delta Air Lines
IND,RDU,DL,Delta Air Lines
IND,RSW,DL,Delta Air Lines
IND,TPA,DL,Delta Air Lines
JAX,LGA,DL,Delta Air Lines
LAS,LGW,DL,Delta Air Lines
LAS,MAN,DL,Delta Air Lines
LAS,MCO,DL,Delta Air Lines
LAS,MEM,DL,Delta Air Lines
LAS,MEX,DL,Delta Air Lines
LAS,MTY,DL,Delta Air Lines
LAS,RDU,DL,Delta Air Lines
LEX,LGA,DL,Delta Air Lines
LGA,BGR,DL,Delta Air Lines
LGA,MCI,DL,Delta Air Lines
LGA,MCO,DL,Delta Air Lines
LGA,MEM,DL,Delta Air Lines
LGA,MHT,DL,Delta Air Lines
LGA,MIA,DL,Delta Air Lines
LGA,MKE,DL,Delta Air Lines
LGA,MSN,DL,Delta Air Lines
LGA,MSY,DL,Delta Air Lines
LGA,MYR,DL,Delta Air Lines
LGA,OMA,DL,Delta Air Lines
LGA,ORF,DL,Delta Air Lines
LGA,PBI,DL,Delta Air Lines
LGA,PIT,DL,Delta Air Lines
LGA,PWM,DL,Delta Air Lines
LGA,RDU,DL,Delta Air Lines
LGA,RIC,DL,Delta Air Lines
LGA,ROC,DL,Delta Air Lines
LGA,RSW,DL,Delta Air Lines
LGA,SAV,DL,Delta Air Lines
LGA,SDF,DL,Delta Air Lines
LGA,SRQ,DL,Delta Air Lines
LGA,STL,DL,Delta Air Lines
LGA,SYR,DL,Delta Air Lines
LGA,TPA,DL,Delta Air Lines
LGA,TYS,DL,Delta Air Lines
LGA,YHZ,DL,Delta Air Lines
LHR,MIA,DL,Delta Air Lines
MAN,MCO,DL,Delta Air Lines
MCI,MCO,DL,Delta Air Lines
MCI,MEM,DL,Delta Air Lines
MCO,GLA,DL,Delta Air Lines
MCO,LGW,DL,Delta Air Lines
MCO,MEM,DL,Delta Air Lines
MCO,MEX,DL,Delta Air Lines
MCO,MKE,DL,Delta Air Lines
MCO,OMA,DL,Delta Air Lines
MCO,ORF,DL,Delta Air Lines
MCO,PIT,DL,Delta Air Lines
MCO,RDU,DL,Delta Air Lines
MCO,RIC,DL,Delta Air Lines
MCO,SAT,DL,Delta Air Lines
MCO,SDF,DL,Delta Air Lines
MCO,SDQ,DL,Delta Air Lines
MEM,MSY,DL,Delta Air Lines
MEM,PIT,DL,Delta Air Lines
MEM,RDU,DL,Delta Air Lines
MEM,SAT,DL,Delta Air Lines
MEX,HMO,DL,Delta Air Lines
MEX,ACA,DL,Delta Air Lines
MEX,MIA,DL,Delta Air Lines
MEX,MID,DL,Delta Air Lines
MEX,SAT,DL,Delta Air Lines
MEX,VSA,DL,Delta Air Lines
MIA,MID,DL,Delta Air Lines
MIA,PAP,DL,Delta Air Lines
MIA,SDQ,DL,Delta Air Lines
MIA,SVO,DL,Delta Air Lines
MTY,CUL,DL,Delta Air Lines
MTY,CUU,DL,Delta Air Lines
MTY,SAT,DL,Delta Air Lines
NRT,BKK,DL,Delta Air Lines
NRT,GUM,DL,Delta Air Lines
NRT,HKG,DL,Delta Air Lines
NRT,MNL,DL,Delta Air Lines
NRT,PVG,DL,Delta Air Lines
NRT,ROR,DL,Delta Air Lines
NRT,SIN,DL,Delta Air Lines
NRT,SPN,DL,Delta Air Lines
NRT,TPE,DL,Delta Air Lines
PHL,RDU,DL,Delta Air Lines
PHX,HMO,DL,Delta Air Lines
PIT,PUJ,DL,Delta Air Lines
RDU,TPA,DL,Delta Air Lines
SMF,OGG,DL,Delta Air Lines
BRD,INL,DL,Delta Air Lines
CAN,HGH,DL,Delta Air Lines
NIM,OUA,DL,Delta Air Lines
CUL,HMO,DL,Delta Air Lines
NGO,GUM,DL,Delta Air Lines
NGO,MNL,DL,Delta Air Lines
NGO,SPN,DL,Delta Air Lines
GCC,RKS,DL,Delta Air Lines
GUM,KIX,DL,Delta Air Lines
IMT,RHI,DL,Delta Air Lines
