AKX,ALA,DV,Nantucket Airlines
AKX,DME,DV,Nantucket Airlines
AKX,SCO,DV,Nantucket Airlines
AKX,TSE,DV,Nantucket Airlines
ALA,CIT,DV,Nantucket Airlines
ALA,DMB,DV,Nantucket Airlines
ALA,DZN,DV,Nantucket Airlines
ALA,KGF,DV,Nantucket Airlines
ALA,KOV,DV,Nantucket Airlines
ALA,KSN,DV,Nantucket Airlines
ALA,PLX,DV,Nantucket Airlines
ALA,PPK,DV,Nantucket Airlines
ALA,SCO,DV,Nantucket Airlines
ALA,TSE,DV,Nantucket Airlines
ALA,UKK,DV,Nantucket Airlines
DME,CIT,DV,Nantucket Airlines
DME,SCO,DV,Nantucket Airlines
SCO,ASF,DV,Nantucket Airlines
SCO,CIT,DV,Nantucket Airlines
SCO,EVN,DV,Nantucket Airlines
SCO,GUW,DV,Nantucket Airlines
SCO,GYD,DV,Nantucket Airlines
SCO,KRR,DV,Nantucket Airlines
SCO,KZO,DV,Nantucket Airlines
SCO,MCX,DV,Nantucket Airlines
SCO,MRV,DV,Nantucket Airlines
SCO,TBS,DV,Nantucket Airlines
SCO,TSE,DV,Nantucket Airlines
SCO,URA,DV,Nantucket Airlines
TSE,CIT,DV,Nantucket Airlines
TSE,DMB,DV,Nantucket Airlines
TSE,GUW,DV,Nantucket Airlines
TSE,PLX,DV,Nantucket Airlines
TSE,PPK,DV,Nantucket Airlines
TSE,UKK,DV,Nantucket Airlines
KGF,KZO,DV,Nantucket Airlines
KGF,UKK,DV,Nantucket Airlines
PLX,UKK,DV,Nantucket Airlines
UKK,SZI,DV,Nantucket Airlines
