ACA,MTY,VB,Pacific Express
MTY,BJX,VB,Pacific Express
MTY,CJS,VB,Pacific Express
MTY,CUL,VB,Pacific Express
MTY,CUN,VB,Pacific Express
MTY,CUU,VB,Pacific Express
MTY,GDL,VB,Pacific Express
MTY,HMO,VB,Pacific Express
MTY,IAH,VB,Pacific Express
MTY,LAP,VB,Pacific Express
MTY,MEX,VB,Pacific Express
MTY,MID,VB,Pacific Express
MTY,MZT,VB,Pacific Express
MTY,OAX,VB,Pacific Express
MTY,PVR,VB,Pacific Express
MTY,QRO,VB,Pacific Express
MTY,SJD,VB,Pacific Express
MTY,TAM,VB,Pacific Express
MTY,TGZ,VB,Pacific Express
MTY,VER,VB,Pacific Express
MTY,VSA,VB,Pacific Express
CJS,GDL,VB,Pacific Express
GDL,CUN,VB,Pacific Express
GDL,HMO,VB,Pacific Express
GDL,LAP,VB,Pacific Express
GDL,MEX,VB,Pacific Express
GDL,MID,VB,Pacific Express
GDL,REX,VB,Pacific Express
GDL,SJD,VB,Pacific Express
GDL,TGZ,VB,Pacific Express
GDL,TRC,VB,Pacific Express
GDL,VER,VB,Pacific Express
GDL,VSA,VB,Pacific Express
CUL,LAP,VB,Pacific Express
CUL,SJD,VB,Pacific Express
CUL,TIJ,VB,Pacific Express
LAP,MZT,VB,Pacific Express
CUN,MEX,VB,Pacific Express
CUN,OAX,VB,Pacific Express
CUN,REX,VB,Pacific Express
CUN,TAM,VB,Pacific Express
CUN,TGZ,VB,Pacific Express
CUN,TRC,VB,Pacific Express
CUN,VER,VB,Pacific Express
CUN,VSA,VB,Pacific Express
MEX,MZT,VB,Pacific Express
MEX,PVR,VB,Pacific Express
MEX,PXM,VB,Pacific Express
MEX,REX,VB,Pacific Express
MEX,TRC,VB,Pacific Express
REX,VER,VB,Pacific Express
