ATL,AZO,9E,Pinnacle Airlines
ATL,CHA,9E,Pinnacle Airlines
ATL,CID,9E,Pinnacle Airlines
ATL,CRW,9E,Pinnacle Airlines
ATL,CVG,9E,Pinnacle Airlines
ATL,EVV,9E,Pinnacle Airlines
ATL,FWA,9E,Pinnacle Airlines
ATL,GSO,9E,Pinnacle Airlines
ATL,GSP,9E,Pinnacle Airlines
ATL,LAN,9E,Pinnacle Airlines
ATL,LEX,9E,Pinnacle Airlines
ATL,MBS,9E,Pinnacle Airlines
ATL,MSP,9E,Pinnacle Airlines
ATL,ROA,9E,Pinnacle Airlines
ATL,SYR,9E,Pinnacle Airlines
ATL,TYS,9E,Pinnacle Airlines
ATL,XNA,9E,Pinnacle Airlines
ATL,MDT,9E,Pinnacle Airlines
MSP,MSY,9E,Pinnacle Airlines
DTW,MSY,9E,Pinnacle Airlines
MSY,JFK,9E,Pinnacle Airlines
MSY,LGA,9E,Pinnacle Airlines
MSY,MEM,9E,Pinnacle Airlines
