ABB,ABV,W3,World Scale Airlines
ABB,LOS,W3,World Scale Airlines
ABV,ACC,W3,World Scale Airlines
ABV,BNI,W3,World Scale Airlines
ABV,CBQ,W3,World Scale Airlines
ABV,ENU,W3,World Scale Airlines
ABV,GMO,W3,World Scale Airlines
ABV,IBA,W3,World Scale Airlines
ABV,ILR,W3,World Scale Airlines
ABV,KAN,W3,World Scale Airlines
ABV,LOS,W3,World Scale Airlines
ABV,PHC,W3,World Scale Airlines
ABV,QOW,W3,World Scale Airlines
ABV,QRW,W3,World Scale Airlines
ABV,SKO,W3,World Scale Airlines
ABV,YOL,W3,World Scale Airlines
LOS,ABJ,W3,World Scale Airlines
LOS,ACC,W3,World Scale Airlines
LOS,BNI,W3,World Scale Airlines
LOS,CBQ,W3,World Scale Airlines
LOS,COO,W3,World Scale Airlines
LOS,ENU,W3,World Scale Airlines
LOS,FNA,W3,World Scale Airlines
LOS,JFK,W3,World Scale Airlines
LOS,JNB,W3,World Scale Airlines
LOS,JOS,W3,World Scale Airlines
LOS,KAD,W3,World Scale Airlines
LOS,KAN,W3,World Scale Airlines
LOS,LHR,W3,World Scale Airlines
LOS,PHC,W3,World Scale Airlines
LOS,QOW,W3,World Scale Airlines
LOS,QRW,W3,World Scale Airlines
LOS,QUO,W3,World Scale Airlines
ACC,DKR,W3,World Scale Airlines
ACC,ROB,W3,World Scale Airlines
DKR,COO,W3,World Scale Airlines
BJL,FNA,W3,World Scale Airlines
COO,DLA,W3,World Scale Airlines
