AUS,SFO,VX,Virgin America
SFO,BOS,VX,Virgin America
SFO,CUN,VX,Virgin America
SFO,DCA,VX,Virgin America
SFO,DFW,VX,Virgin America
SFO,EWR,VX,Virgin America
SFO,FLL,VX,Virgin America
SFO,IAD,VX,Virgin America
SFO,JFK,VX,Virgin America
SFO,LAS,VX,Virgin America
SFO,LAX,VX,Virgin America
SFO,MCO,VX,Virgin America
SFO,ORD,VX,Virgin America
SFO,PDX,VX,Virgin America
SFO,PHL,VX,Virgin America
SFO,PVR,VX,Virgin America
SFO,SAN,VX,Virgin America
SFO,SEA,VX,Virgin America
SFO,SJD,VX,Virgin America
BOS,LAX,VX,Virgin America
LAX,CUN,VX,Virgin America
LAX,DFW,VX,Virgin America
LAX,EWR,VX,Virgin America
LAX,FLL,VX,Virgin America
LAX,IAD,VX,Virgin America
LAX,JFK,VX,Virgin America
LAX,LAS,VX,Virgin America
LAX,MCO,VX,Virgin America
LAX,ORD,VX,Virgin America
LAX,PHL,VX,Virgin America
LAX,SEA,VX,Virgin America
LAX,SJC,VX,Virgin America
JFK,LAS,VX,Virgin America
