ABQ,JFK,B6,JetBlue Airways
JFK,AUA,B6,JetBlue Airways
JFK,AUS,B6,JetBlue Airways
JFK,AZS,B6,JetBlue Airways
JFK,BDA,B6,JetBlue Airways
JFK,BGI,B6,JetBlue Airways
JFK,BOS,B6,JetBlue Airways
JFK,BQN,B6,JetBlue Airways
JFK,BTV,B6,JetBlue Airways
JFK,BUF,B6,JetBlue Airways
JFK,BUR,B6,JetBlue Airways
JFK,CHS,B6,JetBlue Airways
JFK,CLT,B6,JetBlue Airways
JFK,CTG,B6,JetBlue Airways
JFK,CUN,B6,JetBlue Airways
JFK,DEN,B6,JetBlue Airways
JFK,DXB,B6,JetBlue Airways
JFK,FLL,B6,JetBlue Airways
JFK,GCM,B6,JetBlue Airways
JFK,HOU,B6,JetBlue Airways
JFK,IAD,B6,JetBlue Airways
JFK,JAX,B6,JetBlue Airways
JFK,JNB,B6,JetBlue Airways
JFK,KIN,B6,JetBlue Airways
JFK,LAS,B6,JetBlue Airways
JFK,LAX,B6,JetBlue Airways
JFK,LGB,B6,JetBlue Airways
JFK,LIR,B6,JetBlue Airways
JFK,LRM,B6,JetBlue Airways
JFK,MBJ,B6,JetBlue Airways
JFK,MCO,B6,JetBlue Airways
JFK,MSY,B6,JetBlue Airways
JFK,MXP,B6,JetBlue Airways
JFK,NAS,B6,JetBlue Airways
JFK,OAK,B6,JetBlue Airways
JFK,ORD,B6,JetBlue Airways
JFK,PAP,B6,JetBlue Airways
JFK,PBI,B6,JetBlue Airways
JFK,PDX,B6,JetBlue Airways
JFK,PHX,B6,JetBlue Airways
JFK,PLS,B6,JetBlue Airways
JFK,POP,B6,JetBlue Airways
JFK,POS,B6,JetBlue Airways
JFK,PSE,B6,JetBlue Airways
JFK,PUJ,B6,JetBlue Airways
JFK,PWM,B6,JetBlue Airways
JFK,RDU,B6,JetBlue Airways
JFK,ROC,B6,JetBlue Airways
JFK,RSW,B6,JetBlue Airways
JFK,SAN,B6,JetBlue Airways
JFK,SAV,B6,JetBlue Airways
JFK,SDQ,B6,JetBlue Airways
JFK,SEA,B6,JetBlue Airways
JFK,SFO,B6,JetBlue Airways
JFK,SJC,B6,JetBlue Airways
JFK,SJU,B6,JetBlue Airways
JFK,SLC,B6,JetBlue Airways
JFK,SMF,B6,JetBlue Airways
JFK,SRQ,B6,JetBlue Airways
JFK,STI,B6,JetBlue Airways
JFK,SXM,B6,JetBlue Airways
JFK,SYR,B6,JetBlue Airways
JFK,TPA,B6,JetBlue Airways
JFK,UVF,B6,JetBlue Airways
AUA,BOS,B6,JetBlue Airways
BOS,AUS,B6,JetBlue Airways
BOS,BUF,B6,JetBlue Airways
BOS,BWI,B6,JetBlue Airways
BOS,CHS,B6,JetBlue Airways
BOS,CLT,B6,JetBlue Airways
BOS,CUN,B6,JetBlue Airways
BOS,DCA,B6,JetBlue Airways
BOS,DEN,B6,JetBlue Airways
BOS,DFW,B6,JetBlue Airways
BOS,DTW,B6,JetBlue Airways
BOS,DXB,B6,JetBlue Airways
BOS,EWR,B6,JetBlue Airways
BOS,FLL,B6,JetBlue Airways
BOS,HOU,B6,JetBlue Airways
BOS,IAD,B6,JetBlue Airways
BOS,JAX,B6,JetBlue Airways
BOS,LAS,B6,JetBlue Airways
BOS,LAX,B6,JetBlue Airways
BOS,LGB,B6,JetBlue Airways
BOS,MCO,B6,JetBlue Airways
BOS,MSY,B6,JetBlue Airways
BOS,NAS,B6,JetBlue Airways
BOS,ORD,B6,JetBlue Airways
BOS,PBI,B6,JetBlue Airways
BOS,PDX,B6,JetBlue Airways
BOS,PHL,B6,JetBlue Airways
BOS,PHX,B6,JetBlue Airways
BOS,PIT,B6,JetBlue Airways
BOS,PLS,B6,JetBlue Airways
BOS,PUJ,B6,JetBlue Airways
BOS,RDU,B6,JetBlue Airways
BOS,RIC,B6,JetBlue Airways
BOS,RSW,B6,JetBlue Airways
BOS,SAN,B6,JetBlue Airways
BOS,SAV,B6,JetBlue Airways
BOS,SDQ,B6,JetBlue Airways
BOS,SEA,B6,JetBlue Airways
BOS,SFO,B6,JetBlue Airways
BOS,SJC,B6,JetBlue Airways
BOS,SJU,B6,JetBlue Airways
BOS,STI,B6,JetBlue Airways
BOS,STT,B6,JetBlue Airways
BOS,SXM,B6,JetBlue Airways
BOS,TPA,B6,JetBlue Airways
AUS,FLL,B6,JetBlue Airways
AUS,LGB,B6,JetBlue Airways
AUS,MCO,B6,JetBlue Airways
AUS,SFO,B6,JetBlue Airways
FLL,BDL,B6,JetBlue Airways
FLL,BOG,B6,JetBlue Airways
FLL,CUN,B6,JetBlue Airways
FLL,DCA,B6,JetBlue Airways
FLL,EWR,B6,JetBlue Airways
FLL,HPN,B6,JetBlue Airways
FLL,KIN,B6,JetBlue Airways
FLL,LAX,B6,JetBlue Airways
FLL,LGA,B6,JetBlue Airways
FLL,LIM,B6,JetBlue Airways
FLL,MBJ,B6,JetBlue Airways
FLL,MDE,B6,JetBlue Airways
FLL,NAS,B6,JetBlue Airways
FLL,ORH,B6,JetBlue Airways
FLL,PAP,B6,JetBlue Airways
FLL,POS,B6,JetBlue Airways
FLL,PUJ,B6,JetBlue Airways
FLL,PVD,B6,JetBlue Airways
FLL,RDU,B6,JetBlue Airways
FLL,RIC,B6,JetBlue Airways
FLL,SDQ,B6,JetBlue Airways
FLL,SFO,B6,JetBlue Airways
FLL,SJO,B6,JetBlue Airways
FLL,SJU,B6,JetBlue Airways
FLL,SWF,B6,JetBlue Airways
LGB,IAD,B6,JetBlue Airways
LGB,LAS,B6,JetBlue Airways
LGB,OAK,B6,JetBlue Airways
LGB,PDX,B6,JetBlue Airways
LGB,SEA,B6,JetBlue Airways
LGB,SFO,B6,JetBlue Airways
LGB,SLC,B6,JetBlue Airways
LGB,SMF,B6,JetBlue Airways
MCO,BDL,B6,JetBlue Airways
MCO,BOG,B6,JetBlue Airways
MCO,BQN,B6,JetBlue Airways
MCO,BUF,B6,JetBlue Airways
MCO,CUN,B6,JetBlue Airways
MCO,DCA,B6,JetBlue Airways
MCO,EWR,B6,JetBlue Airways
MCO,HPN,B6,JetBlue Airways
MCO,LGA,B6,JetBlue Airways
MCO,MBJ,B6,JetBlue Airways
MCO,NAS,B6,JetBlue Airways
MCO,ORH,B6,JetBlue Airways
MCO,PSE,B6,JetBlue Airways
MCO,PVD,B6,JetBlue Airways
MCO,RIC,B6,JetBlue Airways
MCO,SDQ,B6,JetBlue Airways
MCO,SJO,B6,JetBlue Airways
MCO,SJU,B6,JetBlue Airways
MCO,SWF,B6,JetBlue Airways
MCO,SYR,B6,JetBlue Airways
SFO,DXB,B6,JetBlue Airways
BDL,PBI,B6,JetBlue Airways
BDL,SJU,B6,JetBlue Airways
BDL,TPA,B6,JetBlue Airways
PBI,EWR,B6,JetBlue Airways
PBI,HPN,B6,JetBlue Airways
PBI,LGA,B6,JetBlue Airways
PBI,SJU,B6,JetBlue Airways
SJU,DCA,B6,JetBlue Airways
SJU,EWR,B6,JetBlue Airways
SJU,JAX,B6,JetBlue Airways
SJU,ORD,B6,JetBlue Airways
SJU,PUJ,B6,JetBlue Airways
SJU,SDQ,B6,JetBlue Airways
SJU,STI,B6,JetBlue Airways
SJU,STT,B6,JetBlue Airways
SJU,STX,B6,JetBlue Airways
SJU,SXM,B6,JetBlue Airways
SJU,TPA,B6,JetBlue Airways
TPA,DCA,B6,JetBlue Airways
TPA,EWR,B6,JetBlue Airways
TPA,HPN,B6,JetBlue Airways
TPA,LGA,B6,JetBlue Airways
DFW,DXB,B6,JetBlue Airways
DXB,IAD,B6,JetBlue Airways
DXB,IAH,B6,JetBlue Airways
DXB,LAX,B6,JetBlue Airways
DXB,MXP,B6,JetBlue Airways
DXB,SEA,B6,JetBlue Airways
EWR,RSW,B6,JetBlue Airways
EWR,STI,B6,JetBlue Airways
RSW,HPN,B6,JetBlue Airways
RSW,LGA,B6,JetBlue Airways
LGA,SRQ,B6,JetBlue Airways
