CAN,TSN,BK,Potomac Air
TSN,CJU,BK,Potomac Air
TSN,CSX,BK,Potomac Air
TSN,CTU,BK,Potomac Air
TSN,DLC,BK,Potomac Air
TSN,DYG,BK,Potomac Air
TSN,HET,BK,Potomac Air
TSN,HGH,BK,Potomac Air
TSN,HRB,BK,Potomac Air
TSN,KWL,BK,Potomac Air
TSN,NGB,BK,Potomac Air
TSN,SZX,BK,Potomac Air
TSN,UYN,BK,Potomac Air
TSN,XIY,BK,Potomac Air
TSN,XMN,BK,Potomac Air
TSN,XNN,BK,Potomac Air
TSN,YNT,BK,Potomac Air
TSN,ZUH,BK,Potomac Air
CJU,CSX,BK,Potomac Air
CSX,CKG,BK,Potomac Air
CSX,DYG,BK,Potomac Air
CSX,HGH,BK,Potomac Air
CSX,HJJ,BK,Potomac Air
CSX,KMG,BK,Potomac Air
CSX,LLF,BK,Potomac Air
CSX,NKG,BK,Potomac Air
CSX,SYX,BK,Potomac Air
CSX,TAO,BK,Potomac Air
CSX,TEN,BK,Potomac Air
CSX,XIY,BK,Potomac Air
CSX,XMN,BK,Potomac Air
CSX,ZHA,BK,Potomac Air
CKG,DYG,BK,Potomac Air
CKG,XNN,BK,Potomac Air
HGH,DLC,BK,Potomac Air
KMG,HFE,BK,Potomac Air
KMG,JHG,BK,Potomac Air
KMG,NKG,BK,Potomac Air
KMG,UYN,BK,Potomac Air
NKG,SHE,BK,Potomac Air
SYX,NGB,BK,Potomac Air
SYX,ZUH,BK,Potomac Air
TAO,SHE,BK,Potomac Air
XIY,NNG,BK,Potomac Air
XIY,URC,BK,Potomac Air
DLC,YNT,BK,Potomac Air
HEK,HRB,BK,Potomac Air
HEK,OHE,BK,Potomac Air
HRB,JGD,BK,Potomac Air
HRB,JMU,BK,Potomac Air
HRB,JXA,BK,Potomac Air
OHE,JGD,BK,Potomac Air
NNG,SZX,BK,Potomac Air
