3M,Silver Airways (3M)
7H,Era Alaska
8E,Bering Air
8Q,Baker Aviation
8V,Wright Air Service
9E,Pinnacle Airlines
9K,Cape Air
AA,American Airlines
B6,JetBlue Airways
BB,Seaborne Airlines
BK,Potomac Air
BU,Blue Sky America
DL,Delta Air Lines
DV,Nantucket Airlines
F9,Frontier Airlines
FL,AirTran Airways
G4,Allegiant Air
GL,Miami Air International
GS,Grant Aviation
HA,Hawaiian Airlines
HQ,HQ- Business Express
MY,Maxjet Airways
NK,Spirit Airlines
OZ,Ozark Air Lines
PS,Pacific Southwest Airlines
QH,Air Florida
SY,Sun Country Airlines
U2,United Feeder Service
UA,United Airlines
US,US Airways
VB,Pacific Express
VX,Virgin America
W3,World Scale Airlines
W9,Eastwind Airlines
WN,Southwest Airlines
ZK,Great Lakes Airlines
