ABE,CLT,US,US Airways
ABE,PHL,US,US Airways
CLT,AGS,US,US Airways
CLT,ALB,US,US Airways
CLT,ANU,US,US Airways
CLT,ATL,US,US Airways
CLT,AUA,US,US Airways
CLT,AUS,US,US Airways
CLT,AVL,US,US Airways
CLT,AVP,US,US Airways
CLT,BDL,US,US Airways
CLT,BHM,US,US Airways
CLT,BNA,US,US Airways
CLT,BOS,US,US Airways
CLT,BTR,US,US Airways
CLT,BUF,US,US Airways
CLT,BWI,US,US Airways
CLT,BZE,US,US Airways
CLT,CAE,US,US Airways
CLT,CAK,US,US Airways
CLT,CDG,US,US Airways
CLT,CHA,US,US Airways
CLT,CHO,US,US Airways
CLT,CHS,US,US Airways
CLT,CLE,US,US Airways
CLT,CMH,US,US Airways
CLT,CRW,US,US Airways
CLT,CUN,US,US Airways
CLT,CVG,US,US Airways
CLT,CZM,US,US Airways
CLT,DAB,US,US Airways
CLT,DAY,US,US Airways
CLT,DCA,US,US Airways
CLT,DEN,US,US Airways
CLT,DFW,US,US Airways
CLT,DSM,US,US Airways
CLT,DTW,US,US Airways
CLT,DUB,US,US Airways
CLT,EWN,US,US Airways
CLT,EWR,US,US Airways
CLT,FAY,US,US Airways
CLT,FCO,US,US Airways
CLT,FLL,US,US Airways
CLT,FLO,US,US Airways
CLT,FPO,US,US Airways
CLT,FRA,US,US Airways
CLT,GCM,US,US Airways
CLT,GIG,US,US Airways
CLT,GNV,US,US Airways
CLT,GPT,US,US Airways
CLT,GRU,US,US Airways
CLT,GSO,US,US Airways
CLT,GSP,US,US Airways
CLT,HHH,US,US Airways
CLT,HPN,US,US Airways
CLT,HSV,US,US Airways
CLT,HTS,US,US Airways
CLT,IAD,US,US Airways
CLT,IAH,US,US Airways
CLT,ILM,US,US Airways
CLT,IND,US,US Airways
CLT,JAN,US,US Airways
CLT,JAX,US,US Airways
CLT,JFK,US,US Airways
CLT,LAS,US,US Airways
CLT,LAX,US,US Airways
CLT,LEX,US,US Airways
CLT,LGA,US,US Airways
CLT,LHR,US,US Airways
CLT,LIR,US,US Airways
CLT,LIT,US,US Airways
CLT,LYH,US,US Airways
CLT,MBJ,US,US Airways
CLT,MCI,US,US Airways
CLT,MCO,US,US Airways
CLT,MDT,US,US Airways
CLT,MEM,US,US Airways
CLT,MEX,US,US Airways
CLT,MGM,US,US Airways
CLT,MHT,US,US Airways
CLT,MIA,US,US Airways
CLT,MKE,US,US Airways
CLT,MLB,US,US Airways
CLT,MOB,US,US Airways
CLT,MSP,US,US Airways
CLT,MSY,US,US Airways
CLT,MYR,US,US Airways
CLT,NAS,US,US Airways
CLT,OAJ,US,US Airways
CLT,OMA,US,US Airways
CLT,ORD,US,US Airways
CLT,ORF,US,US Airways
CLT,PBI,US,US Airways
CLT,PDX,US,US Airways
CLT,PGV,US,US Airways
CLT,PHF,US,US Airways
CLT,PHL,US,US Airways
CLT,PHX,US,US Airways
CLT,PIT,US,US Airways
CLT,PLS,US,US Airways
CLT,PNS,US,US Airways
CLT,PUJ,US,US Airways
CLT,PVD,US,US Airways
CLT,PWM,US,US Airways
CLT,RDU,US,US Airways
CLT,RIC,US,US Airways
CLT,ROA,US,US Airways
CLT,ROC,US,US Airways
CLT,RSW,US,US Airways
CLT,SAN,US,US Airways
CLT,SAT,US,US Airways
CLT,SAV,US,US Airways
CLT,SBY,US,US Airways
CLT,SDF,US,US Airways
CLT,SEA,US,US Airways
CLT,SFO,US,US Airways
CLT,SJD,US,US Airways
CLT,SJO,US,US Airways
CLT,SJU,US,US Airways
CLT,SLC,US,US Airways
CLT,SMF,US,US Airways
CLT,SRQ,US,US Airways
CLT,STL,US,US Airways
CLT,STT,US,US Airways
CLT,SXM,US,US Airways
CLT,SYR,US,US Airways
CLT,TLH,US,US Airways
CLT,TPA,US,US Airways
CLT,TRI,US,US Airways
CLT,TYS,US,US Airways
CLT,UVF,US,US Airways
CLT,VPS,US,US Airways
CLT,XNA,US,US Airways
CLT,YOW,US,US Airways
CLT,YUL,US,US Airways
CLT,YYZ,US,US Airways
PHL,ALB,US,US Airways
PHL,AMS,US,US Airways
PHL,ART,US,US Airways
PHL,ATH,US,US Airways
PHL,ATL,US,US Airways
PHL,AUA,US,US Airways
PHL,AUS,US,US Airways
PHL,AVP,US,US Airways
PHL,BCN,US,US Airways
PHL,BDA,US,US Airways
PHL,BDL,US,US Airways
PHL,BGM,US,US Airways
PHL,BGR,US,US Airways
PHL,BHM,US,US Airways
PHL,BNA,US,US Airways
PHL,BOS,US,US Airways
PHL,BRU,US,US Airways
PHL,BTV,US,US Airways
PHL,BUF,US,US Airways
PHL,BWI,US,US Airways
PHL,CAE,US,US Airways
PHL,CAK,US,US Airways
PHL,CDG,US,US Airways
PHL,CHO,US,US Airways
PHL,CHS,US,US Airways
PHL,CLE,US,US Airways
PHL,CMH,US,US Airways
PHL,CUN,US,US Airways
PHL,CVG,US,US Airways
PHL,DAY,US,US Airways
PHL,DCA,US,US Airways
PHL,DEN,US,US Airways
PHL,DFW,US,US Airways
PHL,DTW,US,US Airways
PHL,DUB,US,US Airways
PHL,ELM,US,US Airways
PHL,ERI,US,US Airways
PHL,EWR,US,US Airways
PHL,FCO,US,US Airways
PHL,FLL,US,US Airways
PHL,FRA,US,US Airways
PHL,GCM,US,US Airways
PHL,GLA,US,US Airways
PHL,GSO,US,US Airways
PHL,GSP,US,US Airways
PHL,HPN,US,US Airways
PHL,HVN,US,US Airways
PHL,IAH,US,US Airways
PHL,ILM,US,US Airways
PHL,IND,US,US Airways
PHL,IPT,US,US Airways
PHL,ISP,US,US Airways
PHL,ITH,US,US Airways
PHL,JAX,US,US Airways
PHL,LAS,US,US Airways
PHL,LAX,US,US Airways
PHL,LGA,US,US Airways
PHL,LHR,US,US Airways
PHL,LIS,US,US Airways
PHL,MAD,US,US Airways
PHL,MAN,US,US Airways
PHL,MBJ,US,US Airways
PHL,MCI,US,US Airways
PHL,MCO,US,US Airways
PHL,MDT,US,US Airways
PHL,MHT,US,US Airways
PHL,MIA,US,US Airways
PHL,MKE,US,US Airways
PHL,MSP,US,US Airways
PHL,MSY,US,US Airways
PHL,MUC,US,US Airways
PHL,MYR,US,US Airways
PHL,NAS,US,US Airways
PHL,ORD,US,US Airways
PHL,ORF,US,US Airways
PHL,PBI,US,US Airways
PHL,PDX,US,US Airways
PHL,PHF,US,US Airways
PHL,PHX,US,US Airways
PHL,PIT,US,US Airways
PHL,PLS,US,US Airways
PHL,PUJ,US,US Airways
PHL,PVD,US,US Airways
PHL,PWM,US,US Airways
PHL,RDU,US,US Airways
PHL,RIC,US,US Airways
PHL,ROA,US,US Airways
PHL,ROC,US,US Airways
PHL,RSW,US,US Airways
PHL,SAN,US,US Airways
PHL,SAT,US,US Airways
PHL,SAV,US,US Airways
PHL,SBY,US,US Airways
PHL,SCE,US,US Airways
PHL,SDF,US,US Airways
PHL,SDQ,US,US Airways
PHL,SEA,US,US Airways
PHL,SFO,US,US Airways
PHL,SJU,US,US Airways
PHL,SLC,US,US Airways
PHL,STL,US,US Airways
PHL,STT,US,US Airways
PHL,SWF,US,US Airways
PHL,SXM,US,US Airways
PHL,SYR,US,US Airways
PHL,TLV,US,US Airways
PHL,TPA,US,US Airways
PHL,TYS,US,US Airways
PHL,VCE,US,US Airways
PHL,YHZ,US,US Airways
PHL,YOW,US,US Airways
PHL,YQB,US,US Airways
PHL,YUL,US,US Airways
PHL,YYZ,US,US Airways
PHL,ZRH,US,US Airways
ABI,DFW,US,US Airways
DFW,ABQ,US,US Airways
DFW,ACT,US,US Airways
DFW,AEX,US,US Airways
DFW,AGU,US,US Airways
DFW,AMA,US,US Airways
DFW,ATL,US,US Airways
DFW,AUS,US,US Airways
DFW,BDL,US,US Airways
DFW,BHM,US,US Airways
DFW,BJX,US,US Airways
DFW,BMI,US,US Airways
DFW,BNA,US,US Airways
DFW,BOG,US,US Airways
DFW,BOS,US,US Airways
DFW,BPT,US,US Airways
DFW,BRO,US,US Airways
DFW,BTR,US,US Airways
DFW,BWI,US,US Airways
DFW,BZE,US,US Airways
DFW,CAE,US,US Airways
DFW,CDG,US,US Airways
DFW,CHA,US,US Airways
DFW,CHS,US,US Airways
DFW,CID,US,US Airways
DFW,CLE,US,US Airways
DFW,CLL,US,US Airways
DFW,CMH,US,US Airways
DFW,CMI,US,US Airways
DFW,COS,US,US Airways
DFW,COU,US,US Airways
DFW,CRP,US,US Airways
DFW,CUN,US,US Airways
DFW,CUU,US,US Airways
DFW,CVG,US,US Airways
DFW,CZM,US,US Airways
DFW,DAY,US,US Airways
DFW,DCA,US,US Airways
DFW,DEN,US,US Airways
DFW,CRW,US,US Airways
DFW,DRO,US,US Airways
DFW,DSM,US,US Airways
DFW,DTW,US,US Airways
DFW,ELP,US,US Airways
DFW,EVV,US,US Airways
DFW,EWR,US,US Airways
DFW,FAR,US,US Airways
DFW,FAT,US,US Airways
DFW,FLL,US,US Airways
DFW,FRA,US,US Airways
DFW,FSD,US,US Airways
DFW,FSM,US,US Airways
DFW,FWA,US,US Airways
DFW,GCK,US,US Airways
DFW,GDL,US,US Airways
DFW,GGG,US,US Airways
DFW,GIG,US,US Airways
DFW,GJT,US,US Airways
DFW,GPT,US,US Airways
DFW,GRI,US,US Airways
DFW,GRK,US,US Airways
DFW,GRR,US,US Airways
DFW,GRU,US,US Airways
DFW,GSO,US,US Airways
DFW,GSP,US,US Airways
DFW,GUA,US,US Airways
DFW,HNL,US,US Airways
DFW,HOU,US,US Airways
DFW,HSV,US,US Airways
DFW,IAD,US,US Airways
DFW,IAH,US,US Airways
DFW,ICN,US,US Airways
DFW,ICT,US,US Airways
DFW,IND,US,US Airways
DFW,JAN,US,US Airways
DFW,JAX,US,US Airways
DFW,JFK,US,US Airways
DFW,JLN,US,US Airways
DFW,LAS,US,US Airways
DFW,LAW,US,US Airways
DFW,LAX,US,US Airways
DFW,LBB,US,US Airways
DFW,LCH,US,US Airways
DFW,LEX,US,US Airways
DFW,LFT,US,US Airways
DFW,LGA,US,US Airways
DFW,LHR,US,US Airways
DFW,LIM,US,US Airways
DFW,LIR,US,US Airways
DFW,LIT,US,US Airways
DFW,LRD,US,US Airways
DFW,MAD,US,US Airways
DFW,MAF,US,US Airways
DFW,MBJ,US,US Airways
DFW,MCI,US,US Airways
DFW,MCO,US,US Airways
DFW,MEM,US,US Airways
DFW,MEX,US,US Airways
DFW,MFE,US,US Airways
DFW,MGM,US,US Airways
DFW,MHK,US,US Airways
DFW,MIA,US,US Airways
DFW,MKE,US,US Airways
DFW,MLI,US,US Airways
DFW,MLM,US,US Airways
DFW,MLU,US,US Airways
DFW,MOB,US,US Airways
DFW,MSN,US,US Airways
DFW,MSP,US,US Airways
DFW,MSY,US,US Airways
DFW,MTY,US,US Airways
DFW,MZT,US,US Airways
DFW,NAS,US,US Airways
DFW,NRT,US,US Airways
DFW,OGG,US,US Airways
DFW,OKC,US,US Airways
DFW,OMA,US,US Airways
DFW,ONT,US,US Airways
DFW,ORD,US,US Airways
DFW,ORF,US,US Airways
DFW,PBC,US,US Airways
DFW,PBI,US,US Airways
DFW,PDX,US,US Airways
DFW,PHX,US,US Airways
DFW,PIA,US,US Airways
DFW,PIT,US,US Airways
DFW,PLS,US,US Airways
DFW,PNS,US,US Airways
DFW,PSP,US,US Airways
DFW,PTY,US,US Airways
DFW,PVR,US,US Airways
DFW,QRO,US,US Airways
DFW,RAP,US,US Airways
DFW,RDU,US,US Airways
DFW,RIC,US,US Airways
DFW,RNO,US,US Airways
DFW,ROW,US,US Airways
DFW,RSW,US,US Airways
DFW,RTB,US,US Airways
DFW,SAF,US,US Airways
DFW,SAL,US,US Airways
DFW,SAN,US,US Airways
DFW,SAT,US,US Airways
DFW,SAV,US,US Airways
DFW,SCL,US,US Airways
DFW,SDF,US,US Airways
DFW,SEA,US,US Airways
DFW,SFO,US,US Airways
DFW,SGF,US,US Airways
DFW,SHV,US,US Airways
DFW,SJC,US,US Airways
DFW,SJD,US,US Airways
DFW,SJO,US,US Airways
DFW,SJT,US,US Airways
DFW,SJU,US,US Airways
DFW,SLC,US,US Airways
DFW,SLP,US,US Airways
DFW,SMF,US,US Airways
DFW,SNA,US,US Airways
DFW,SPI,US,US Airways
DFW,SPS,US,US Airways
DFW,STL,US,US Airways
DFW,TLH,US,US Airways
DFW,TPA,US,US Airways
DFW,TRC,US,US Airways
DFW,TUL,US,US Airways
DFW,TUS,US,US Airways
DFW,TXK,US,US Airways
DFW,TYR,US,US Airways
DFW,TYS,US,US Airways
DFW,VPS,US,US Airways
DFW,XNA,US,US Airways
DFW,YEG,US,US Airways
DFW,YUL,US,US Airways
DFW,YVR,US,US Airways
DFW,YYC,US,US Airways
DFW,YYZ,US,US Airways
DFW,ZCL,US,US Airways
ABQ,LAX,US,US Airways
ABQ,ORD,US,US Airways
ABQ,PHX,US,US Airways
LAX,AUS,US,US Airways
LAX,BDL,US,US Airways
LAX,BNA,US,US Airways
LAX,BOS,US,US Airways
LAX,CMH,US,US Airways
LAX,DCA,US,US Airways
LAX,DEN,US,US Airways
LAX,ELP,US,US Airways
LAX,EUG,US,US Airways
LAX,FAT,US,US Airways
LAX,GRU,US,US Airways
LAX,GUA,US,US Airways
LAX,HNL,US,US Airways
LAX,IAD,US,US Airways
LAX,IAH,US,US Airways
LAX,IND,US,US Airways
LAX,IST,US,US Airways
LAX,JFK,US,US Airways
LAX,KOA,US,US Airways
LAX,LAS,US,US Airways
LAX,AKL,US,US Airways
LAX,LHR,US,US Airways
LAX,LIH,US,US Airways
LAX,MCO,US,US Airways
LAX,MIA,US,US Airways
LAX,MRY,US,US Airways
LAX,NRT,US,US Airways
LAX,OGG,US,US Airways
LAX,OKC,US,US Airways
LAX,ORD,US,US Airways
LAX,PBI,US,US Airways
LAX,PEK,US,US Airways
LAX,PHX,US,US Airways
LAX,PIT,US,US Airways
LAX,PVG,US,US Airways
LAX,RAR,US,US Airways
LAX,RDM,US,US Airways
LAX,RDU,US,US Airways
LAX,RNO,US,US Airways
LAX,SAF,US,US Airways
LAX,SAL,US,US Airways
LAX,SAN,US,US Airways
LAX,SFO,US,US Airways
LAX,SJC,US,US Airways
LAX,SJD,US,US Airways
LAX,SLC,US,US Airways
LAX,SMF,US,US Airways
LAX,STL,US,US Airways
LAX,TPE,US,US Airways
LAX,TUS,US,US Airways
LAX,XNA,US,US Airways
LAX,YYZ,US,US Airways
ORD,ALO,US,US Airways
ORD,AMM,US,US Airways
ORD,ART,US,US Airways
ORD,ATL,US,US Airways
ORD,AUS,US,US Airways
ORD,AZO,US,US Airways
ORD,BDL,US,US Airways
ORD,BMI,US,US Airways
ORD,BNA,US,US Airways
ORD,BOS,US,US Airways
ORD,BUF,US,US Airways
ORD,BWI,US,US Airways
ORD,CDG,US,US Airways
ORD,CHA,US,US Airways
ORD,CHO,US,US Airways
ORD,CID,US,US Airways
ORD,CLE,US,US Airways
ORD,CMH,US,US Airways
ORD,CMI,US,US Airways
ORD,COU,US,US Airways
ORD,CUN,US,US Airways
ORD,CVG,US,US Airways
ORD,CWA,US,US Airways
ORD,DAY,US,US Airways
ORD,DBQ,US,US Airways
ORD,DCA,US,US Airways
ORD,DEN,US,US Airways
ORD,DSM,US,US Airways
ORD,DTW,US,US Airways
ORD,DUB,US,US Airways
ORD,DUS,US,US Airways
ORD,ELP,US,US Airways
ORD,EVV,US,US Airways
ORD,EWR,US,US Airways
ORD,FAR,US,US Airways
ORD,FCO,US,US Airways
ORD,FLL,US,US Airways
ORD,FNT,US,US Airways
ORD,FSD,US,US Airways
ORD,FWA,US,US Airways
ORD,GRB,US,US Airways
ORD,GRR,US,US Airways
ORD,HPN,US,US Airways
ORD,HSV,US,US Airways
ORD,IAH,US,US Airways
ORD,ICT,US,US Airways
ORD,IND,US,US Airways
ORD,IST,US,US Airways
ORD,JAX,US,US Airways
ORD,JFK,US,US Airways
ORD,LAS,US,US Airways
ORD,LEX,US,US Airways
ORD,LGA,US,US Airways
ORD,LHR,US,US Airways
ORD,LIT,US,US Airways
ORD,LSE,US,US Airways
ORD,MAN,US,US Airways
ORD,MBJ,US,US Airways
ORD,MCI,US,US Airways
ORD,MCO,US,US Airways
ORD,MDT,US,US Airways
ORD,MEM,US,US Airways
ORD,MEX,US,US Airways
ORD,MHK,US,US Airways
ORD,MIA,US,US Airways
ORD,MKE,US,US Airways
ORD,MLI,US,US Airways
ORD,MQT,US,US Airways
ORD,MSN,US,US Airways
ORD,MSP,US,US Airways
ORD,MSY,US,US Airways
ORD,NRT,US,US Airways
ORD,OKC,US,US Airways
ORD,OMA,US,US Airways
ORD,PBI,US,US Airways
ORD,PDX,US,US Airways
ORD,PEK,US,US Airways
ORD,PHX,US,US Airways
ORD,PIA,US,US Airways
ORD,PIT,US,US Airways
ORD,PSP,US,US Airways
ORD,PVG,US,US Airways
ORD,PVR,US,US Airways
ORD,RDU,US,US Airways
ORD,RIC,US,US Airways
ORD,RNO,US,US Airways
ORD,ROC,US,US Airways
ORD,RST,US,US Airways
ORD,RSW,US,US Airways
ORD,SAN,US,US Airways
ORD,SAT,US,US Airways
ORD,SDF,US,US Airways
ORD,SEA,US,US Airways
ORD,SFO,US,US Airways
ORD,SGF,US,US Airways
ORD,SJC,US,US Airways
ORD,SJD,US,US Airways
ORD,SJU,US,US Airways
ORD,SLC,US,US Airways
ORD,SNA,US,US Airways
ORD,STL,US,US Airways
ORD,SUX,US,US Airways
ORD,SYR,US,US Airways
ORD,TOL,US,US Airways
ORD,TPA,US,US Airways
ORD,TUL,US,US Airways
ORD,TUS,US,US Airways
ORD,TVC,US,US Airways
ORD,TYS,US,US Airways
ORD,XNA,US,US Airways
ORD,YKF,US,US Airways
ORD,YUL,US,US Airways
ORD,YYZ,US,US Airways
PHX,ANC,US,US Airways
PHX,ATL,US,US Airways
PHX,AUS,US,US Airways
PHX,BFL,US,US Airways
PHX,BOI,US,US Airways
PHX,BOS,US,US Airways
PHX,BUR,US,US Airways
PHX,BWI,US,US Airways
PHX,CMH,US,US Airways
PHX,CUN,US,US Airways
PHX,DCA,US,US Airways
PHX,DEN,US,US Airways
PHX,DRO,US,US Airways
PHX,DSM,US,US Airways
PHX,DTW,US,US Airways
PHX,ELP,US,US Airways
PHX,EWR,US,US Airways
PHX,FAT,US,US Airways
PHX,FLG,US,US Airways
PHX,FLL,US,US Airways
PHX,GDL,US,US Airways
PHX,GEG,US,US Airways
PHX,GJT,US,US Airways
PHX,HMO,US,US Airways
PHX,HNL,US,US Airways
PHX,IAH,US,US Airways
PHX,IND,US,US Airways
PHX,JFK,US,US Airways
PHX,KOA,US,US Airways
PHX,LAS,US,US Airways
PHX,LGB,US,US Airways
PHX,LIH,US,US Airways
PHX,MCI,US,US Airways
PHX,MCO,US,US Airways
PHX,MEX,US,US Airways
PHX,MIA,US,US Airways
PHX,MKE,US,US Airways
PHX,MRY,US,US Airways
PHX,MSP,US,US Airways
PHX,MZT,US,US Airways
PHX,OAK,US,US Airways
PHX,OGG,US,US Airways
PHX,OMA,US,US Airways
PHX,ONT,US,US Airways
PHX,PDX,US,US Airways
PHX,PIT,US,US Airways
PHX,PSP,US,US Airways
PHX,PVR,US,US Airways
PHX,RNO,US,US Airways
PHX,SAN,US,US Airways
PHX,SAT,US,US Airways
PHX,SBA,US,US Airways
PHX,SBP,US,US Airways
PHX,SEA,US,US Airways
PHX,SFO,US,US Airways
PHX,SJC,US,US Airways
PHX,SJD,US,US Airways
PHX,SLC,US,US Airways
PHX,SMF,US,US Airways
PHX,SNA,US,US Airways
PHX,STL,US,US Airways
PHX,TPA,US,US Airways
PHX,TUS,US,US Airways
PHX,YEG,US,US Airways
PHX,YUM,US,US Airways
PHX,YVR,US,US Airways
PHX,YYC,US,US Airways
PHX,ZIH,US,US Airways
ADL,AKL,US,US Airways
AKL,APW,US,US Airways
AKL,BNE,US,US Airways
AKL,CNS,US,US Airways
AKL,HNL,US,US Airways
AKL,MEL,US,US Airways
AKL,NAN,US,US Airways
AKL,PER,US,US Airways
AKL,RAR,US,US Airways
AKL,SFO,US,US Airways
AKL,SYD,US,US Airways
AGS,DCA,US,US Airways
DCA,ALB,US,US Airways
DCA,BDL,US,US Airways
DCA,BGR,US,US Airways
DCA,BHM,US,US Airways
DCA,BNA,US,US Airways
DCA,BOS,US,US Airways
DCA,BTV,US,US Airways
DCA,BUF,US,US Airways
DCA,CAE,US,US Airways
DCA,CAK,US,US Airways
DCA,CHA,US,US Airways
DCA,CHS,US,US Airways
DCA,CMH,US,US Airways
DCA,CVG,US,US Airways
DCA,DAY,US,US Airways
DCA,CRW,US,US Airways
DCA,DSM,US,US Airways
DCA,DTW,US,US Airways
DCA,FAY,US,US Airways
DCA,FLL,US,US Airways
DCA,GSO,US,US Airways
DCA,GSP,US,US Airways
DCA,HHH,US,US Airways
DCA,HPN,US,US Airways
DCA,HSV,US,US Airways
DCA,ILM,US,US Airways
DCA,IND,US,US Airways
DCA,ISP,US,US Airways
DCA,JAN,US,US Airways
DCA,JAX,US,US Airways
DCA,JFK,US,US Airways
DCA,LAS,US,US Airways
DCA,LGA,US,US Airways
DCA,LIT,US,US Airways
DCA,MCI,US,US Airways
DCA,MCO,US,US Airways
DCA,MEM,US,US Airways
DCA,MHT,US,US Airways
DCA,MIA,US,US Airways
DCA,MSP,US,US Airways
DCA,MSY,US,US Airways
DCA,MYR,US,US Airways
DCA,NAS,US,US Airways
DCA,OAJ,US,US Airways
DCA,OMA,US,US Airways
DCA,ORF,US,US Airways
DCA,PBI,US,US Airways
DCA,PIT,US,US Airways
DCA,PNS,US,US Airways
DCA,PVD,US,US Airways
DCA,PWM,US,US Airways
DCA,RDU,US,US Airways
DCA,ROC,US,US Airways
DCA,RSW,US,US Airways
DCA,SAN,US,US Airways
DCA,SAV,US,US Airways
DCA,SDF,US,US Airways
DCA,SRQ,US,US Airways
DCA,STL,US,US Airways
DCA,SYR,US,US Airways
DCA,TLH,US,US Airways
DCA,TPA,US,US Airways
DCA,TYS,US,US Airways
DCA,VPS,US,US Airways
DCA,YHZ,US,US Airways
DCA,YUL,US,US Airways
DCA,YYZ,US,US Airways
AMM,JFK,US,US Airways
AMM,YUL,US,US Airways
JFK,ANU,US,US Airways
JFK,AUS,US,US Airways
JFK,BCN,US,US Airways
JFK,BDA,US,US Airways
JFK,BNA,US,US Airways
JFK,BOG,US,US Airways
JFK,BOS,US,US Airways
JFK,BWI,US,US Airways
JFK,CDG,US,US Airways
JFK,CLE,US,US Airways
JFK,CMH,US,US Airways
JFK,CUN,US,US Airways
JFK,CVG,US,US Airways
JFK,DUB,US,US Airways
JFK,FCO,US,US Airways
JFK,FRA,US,US Airways
JFK,GIG,US,US Airways
JFK,GRU,US,US Airways
JFK,IND,US,US Airways
JFK,IST,US,US Airways
JFK,JNB,US,US Airways
JFK,LAS,US,US Airways
JFK,LHR,US,US Airways
JFK,MAD,US,US Airways
JFK,MAN,US,US Airways
JFK,MCO,US,US Airways
JFK,MDE,US,US Airways
JFK,MIA,US,US Airways
JFK,MXP,US,US Airways
JFK,ORF,US,US Airways
JFK,PEK,US,US Airways
JFK,PIT,US,US Airways
JFK,RDU,US,US Airways
JFK,SAL,US,US Airways
JFK,SAN,US,US Airways
JFK,SEA,US,US Airways
JFK,SFO,US,US Airways
JFK,SJO,US,US Airways
JFK,SJU,US,US Airways
JFK,STT,US,US Airways
JFK,SXM,US,US Airways
JFK,TPA,US,US Airways
JFK,YUL,US,US Airways
JFK,YYZ,US,US Airways
JFK,ZRH,US,US Airways
YUL,DTW,US,US Airways
YUL,LGA,US,US Airways
YUL,MIA,US,US Airways
AMS,LIS,US,US Airways
AMS,SIN,US,US Airways
LIS,BIO,US,US Airways
LIS,BRU,US,US Airways
LIS,EWR,US,US Airways
LIS,FAO,US,US Airways
LIS,FCO,US,US Airways
LIS,FNC,US,US Airways
LIS,FRA,US,US Airways
LIS,GVA,US,US Airways
LIS,LHR,US,US Airways
LIS,MAD,US,US Airways
LIS,OPO,US,US Airways
LIS,MUC,US,US Airways
LIS,MXP,US,US Airways
LIS,NCE,US,US Airways
LIS,SVQ,US,US Airways
LIS,VLC,US,US Airways
LIS,ZRH,US,US Airways
ANU,MIA,US,US Airways
MIA,ASU,US,US Airways
MIA,ATL,US,US Airways
MIA,AUA,US,US Airways
MIA,BAQ,US,US Airways
MIA,BCN,US,US Airways
MIA,BDA,US,US Airways
MIA,BDL,US,US Airways
MIA,BGI,US,US Airways
MIA,BHM,US,US Airways
MIA,BNA,US,US Airways
MIA,BOG,US,US Airways
MIA,BOS,US,US Airways
MIA,BSB,US,US Airways
MIA,BWI,US,US Airways
MIA,BZE,US,US Airways
MIA,CDG,US,US Airways
MIA,CHS,US,US Airways
MIA,CLE,US,US Airways
MIA,CLO,US,US Airways
MIA,CMH,US,US Airways
MIA,CNF,US,US Airways
MIA,CTG,US,US Airways
MIA,CUN,US,US Airways
MIA,CUR,US,US Airways
MIA,CVG,US,US Airways
MIA,CZM,US,US Airways
MIA,DEN,US,US Airways
MIA,DTW,US,US Airways
MIA,ELH,US,US Airways
MIA,EWR,US,US Airways
MIA,EYW,US,US Airways
MIA,FDF,US,US Airways
MIA,FPO,US,US Airways
MIA,GCM,US,US Airways
MIA,GGT,US,US Airways
MIA,GIG,US,US Airways
MIA,GND,US,US Airways
MIA,GNV,US,US Airways
MIA,GRU,US,US Airways
MIA,GSO,US,US Airways
MIA,GUA,US,US Airways
MIA,IAD,US,US Airways
MIA,IAH,US,US Airways
MIA,IND,US,US Airways
MIA,JAX,US,US Airways
MIA,KIN,US,US Airways
MIA,LAS,US,US Airways
MIA,LGA,US,US Airways
MIA,LHR,US,US Airways
MIA,LIM,US,US Airways
MIA,LIR,US,US Airways
MIA,LRM,US,US Airways
MIA,MAD,US,US Airways
MIA,MAO,US,US Airways
MIA,MBJ,US,US Airways
MIA,MCO,US,US Airways
MIA,MDE,US,US Airways
MIA,MEM,US,US Airways
MIA,MEX,US,US Airways
MIA,MGA,US,US Airways
MIA,MHH,US,US Airways
MIA,CWB,US,US Airways
MIA,LPB,US,US Airways
MIA,MSP,US,US Airways
MIA,MSY,US,US Airways
MIA,MVD,US,US Airways
MIA,MXP,US,US Airways
MIA,NAS,US,US Airways
MIA,ORF,US,US Airways
MIA,PAP,US,US Airways
MIA,PIT,US,US Airways
MIA,PLS,US,US Airways
MIA,PNS,US,US Airways
MIA,POP,US,US Airways
MIA,POS,US,US Airways
MIA,PTP,US,US Airways
MIA,PTY,US,US Airways
MIA,PUJ,US,US Airways
MIA,RDU,US,US Airways
MIA,REC,US,US Airways
MIA,RIC,US,US Airways
MIA,RTB,US,US Airways
MIA,SAL,US,US Airways
MIA,SAN,US,US Airways
MIA,SAP,US,US Airways
MIA,SCL,US,US Airways
MIA,SDF,US,US Airways
MIA,SDQ,US,US Airways
MIA,SEA,US,US Airways
MIA,SFO,US,US Airways
MIA,SJO,US,US Airways
MIA,SJU,US,US Airways
MIA,SKB,US,US Airways
MIA,SSA,US,US Airways
MIA,STI,US,US Airways
MIA,STL,US,US Airways
MIA,STT,US,US Airways
MIA,STX,US,US Airways
MIA,SXM,US,US Airways
MIA,TGU,US,US Airways
MIA,TLH,US,US Airways
MIA,TPA,US,US Airways
MIA,TUL,US,US Airways
MIA,UVF,US,US Airways
MIA,YYZ,US,US Airways
MIA,POA,US,US Airways
MIA,VVI,US,US Airways
ATH,BRU,US,US Airways
ATH,CDG,US,US Airways
ATH,FCO,US,US Airways
ATH,JTR,US,US Airways
ATH,LCA,US,US Airways
ATH,LHR,US,US Airways
ATH,MUC,US,US Airways
ATH,SKG,US,US Airways
BCN,DOH,US,US Airways
BDL,PIT,US,US Airways
PIT,BOS,US,US Airways
PIT,LGA,US,US Airways
PIT,RDU,US,US Airways
PIT,STL,US,US Airways
BNA,LGA,US,US Airways
LGA,BOS,US,US Airways
LGA,CHO,US,US Airways
LGA,CMH,US,US Airways
LGA,DAY,US,US Airways
LGA,DTW,US,US Airways
LGA,GSO,US,US Airways
LGA,ILM,US,US Airways
LGA,LIT,US,US Airways
LGA,ORF,US,US Airways
LGA,PBI,US,US Airways
LGA,RDU,US,US Airways
LGA,RIC,US,US Airways
LGA,ROA,US,US Airways
LGA,SDF,US,US Airways
LGA,STL,US,US Airways
LGA,TYS,US,US Airways
LGA,XNA,US,US Airways
LGA,YYZ,US,US Airways
BOG,FLL,US,US Airways
BOG,MCO,US,US Airways
FLL,PAP,US,US Airways
MCO,SAL,US,US Airways
BOS,BUF,US,US Airways
BOS,CUN,US,US Airways
BOS,MDT,US,US Airways
BOS,RIC,US,US Airways
BOS,ROC,US,US Airways
BOS,SYR,US,US Airways
EWR,OPO,US,US Airways
FRA,DOH,US,US Airways
FRA,IST,US,US Airways
FRA,JNB,US,US Airways
FRA,SIN,US,US Airways
FRA,SKG,US,US Airways
IAD,DKR,US,US Airways
IAD,IST,US,US Airways
IAD,SAL,US,US Airways
IAH,DOH,US,US Airways
IAH,IST,US,US Airways
IAH,SAL,US,US Airways
LHR,DOH,US,US Airways
LHR,JNB,US,US Airways
LHR,RDU,US,US Airways
SEA,TPE,US,US Airways
SFO,HKG,US,US Airways
SFO,ICN,US,US Airways
SFO,PEK,US,US Airways
SFO,SAL,US,US Airways
SFO,TPE,US,US Airways
CWB,POA,US,US Airways
HNL,ITO,US,US Airways
HNL,KOA,US,US Airways
HNL,LIH,US,US Airways
HNL,OGG,US,US Airways
ICN,SIN,US,US Airways
MAD,DOH,US,US Airways
MAD,OPO,US,US Airways
NRT,SIN,US,US Airways
DKR,JNB,US,US Airways
JNB,MUC,US,US Airways
DOH,MAN,US,US Airways
DOH,MUC,US,US Airways
MUC,IST,US,US Airways
MUC,SIN,US,US Airways
MUC,SKG,US,US Airways
IST,ZRH,US,US Airways
SIN,HKG,US,US Airways
SIN,ZRH,US,US Airways
LPB,VVI,US,US Airways
