ABE,ORD,UA,United Airlines
ORD,ABQ,UA,United Airlines
ORD,ACY,UA,United Airlines
ORD,ALB,UA,United Airlines
ORD,AMS,UA,United Airlines
ORD,ANC,UA,United Airlines
ORD,ATL,UA,United Airlines
ORD,ATW,UA,United Airlines
ORD,AUS,UA,United Airlines
ORD,AVL,UA,United Airlines
ORD,AVP,UA,United Airlines
ORD,BDL,UA,United Airlines
ORD,BHM,UA,United Airlines
ORD,BNA,UA,United Airlines
ORD,BOI,UA,United Airlines
ORD,BOS,UA,United Airlines
ORD,BRU,UA,United Airlines
ORD,BTV,UA,United Airlines
ORD,BUF,UA,United Airlines
ORD,BWI,UA,United Airlines
ORD,BZN,UA,United Airlines
ORD,CAE,UA,United Airlines
ORD,CAK,UA,United Airlines
ORD,CDG,UA,United Airlines
ORD,CHS,UA,United Airlines
ORD,CID,UA,United Airlines
ORD,CLE,UA,United Airlines
ORD,CLT,UA,United Airlines
ORD,CMH,UA,United Airlines
ORD,CMX,UA,United Airlines
ORD,COS,UA,United Airlines
ORD,CUN,UA,United Airlines
ORD,CVG,UA,United Airlines
ORD,CWA,UA,United Airlines
ORD,DAY,UA,United Airlines
ORD,DCA,UA,United Airlines
ORD,DEN,UA,United Airlines
ORD,DFW,UA,United Airlines
ORD,DLH,UA,United Airlines
ORD,DSM,UA,United Airlines
ORD,DTW,UA,United Airlines
ORD,DUB,UA,United Airlines
ORD,DUS,UA,United Airlines
ORD,EAU,UA,United Airlines
ORD,ELM,UA,United Airlines
ORD,EWR,UA,United Airlines
ORD,FAR,UA,United Airlines
ORD,FLL,UA,United Airlines
ORD,FOE,UA,United Airlines
ORD,FRA,UA,United Airlines
ORD,FSD,UA,United Airlines
ORD,FWA,UA,United Airlines
ORD,GRB,UA,United Airlines
ORD,GRR,UA,United Airlines
ORD,GRU,UA,United Airlines
ORD,GSO,UA,United Airlines
ORD,GSP,UA,United Airlines
ORD,HKG,UA,United Airlines
ORD,HNL,UA,United Airlines
ORD,HPN,UA,United Airlines
ORD,HSV,UA,United Airlines
ORD,IAD,UA,United Airlines
ORD,IAH,UA,United Airlines
ORD,ICT,UA,United Airlines
ORD,IND,UA,United Airlines
ORD,JAN,UA,United Airlines
ORD,JAX,UA,United Airlines
ORD,LAN,UA,United Airlines
ORD,LAS,UA,United Airlines
ORD,LAX,UA,United Airlines
ORD,LEX,UA,United Airlines
ORD,LGA,UA,United Airlines
ORD,LHR,UA,United Airlines
ORD,LIT,UA,United Airlines
ORD,LNK,UA,United Airlines
ORD,MBS,UA,United Airlines
ORD,MCI,UA,United Airlines
ORD,MCO,UA,United Airlines
ORD,MDT,UA,United Airlines
ORD,MEM,UA,United Airlines
ORD,MEX,UA,United Airlines
ORD,MHT,UA,United Airlines
ORD,MIA,UA,United Airlines
ORD,MKE,UA,United Airlines
ORD,MKG,UA,United Airlines
ORD,MLI,UA,United Airlines
ORD,MOB,UA,United Airlines
ORD,MSN,UA,United Airlines
ORD,MSP,UA,United Airlines
ORD,MSY,UA,United Airlines
ORD,MTY,UA,United Airlines
ORD,MUC,UA,United Airlines
ORD,MYR,UA,United Airlines
ORD,NAS,UA,United Airlines
ORD,NRT,UA,United Airlines
ORD,OGG,UA,United Airlines
ORD,OKC,UA,United Airlines
ORD,OMA,UA,United Airlines
ORD,CRW,UA,United Airlines
ORD,ORF,UA,United Airlines
ORD,PAH,UA,United Airlines
ORD,PDX,UA,United Airlines
ORD,PEK,UA,United Airlines
ORD,PHL,UA,United Airlines
ORD,PHX,UA,United Airlines
ORD,PIA,UA,United Airlines
ORD,PIT,UA,United Airlines
ORD,PNS,UA,United Airlines
ORD,PTY,UA,United Airlines
ORD,PUJ,UA,United Airlines
ORD,PVD,UA,United Airlines
ORD,PVG,UA,United Airlines
ORD,PVR,UA,United Airlines
ORD,PWM,UA,United Airlines
ORD,RAP,UA,United Airlines
ORD,RDU,UA,United Airlines
ORD,RIC,UA,United Airlines
ORD,ROA,UA,United Airlines
ORD,ROC,UA,United Airlines
ORD,RSW,UA,United Airlines
ORD,SAN,UA,United Airlines
ORD,SAT,UA,United Airlines
ORD,SAV,UA,United Airlines
ORD,SBN,UA,United Airlines
ORD,SCE,UA,United Airlines
ORD,SDF,UA,United Airlines
ORD,SEA,UA,United Airlines
ORD,SFO,UA,United Airlines
ORD,SGF,UA,United Airlines
ORD,SJD,UA,United Airlines
ORD,SJO,UA,United Airlines
ORD,SJU,UA,United Airlines
ORD,SLC,UA,United Airlines
ORD,SMF,UA,United Airlines
ORD,SNA,UA,United Airlines
ORD,SPI,UA,United Airlines
ORD,SRQ,UA,United Airlines
ORD,STC,UA,United Airlines
ORD,STL,UA,United Airlines
ORD,STT,UA,United Airlines
ORD,SXM,UA,United Airlines
ORD,SYR,UA,United Airlines
ORD,TPA,UA,United Airlines
ORD,TUL,UA,United Airlines
ORD,TVC,UA,United Airlines
ORD,TYS,UA,United Airlines
ORD,VIE,UA,United Airlines
ORD,XNA,UA,United Airlines
ORD,YEG,UA,United Airlines
ORD,YHZ,UA,United Airlines
ORD,YOW,UA,United Airlines
ORD,YQB,UA,United Airlines
ORD,YQR,UA,United Airlines
ORD,YUL,UA,United Airlines
ORD,YVR,UA,United Airlines
ORD,YWG,UA,United Airlines
ORD,YXE,UA,United Airlines
ORD,YXU,UA,United Airlines
ORD,YYC,UA,United Airlines
ORD,YYZ,UA,United Airlines
ORD,ZRH,UA,United Airlines
ABJ,BRU,UA,United Airlines
ABJ,LFW,UA,United Airlines
ABJ,OUA,UA,United Airlines
ABJ,COO,UA,United Airlines
BRU,BHX,UA,United Airlines
BRU,BJM,UA,United Airlines
BRU,COO,UA,United Airlines
BRU,DKR,UA,United Airlines
BRU,DLA,UA,United Airlines
BRU,EWR,UA,United Airlines
BRU,FNA,UA,United Airlines
BRU,GOT,UA,United Airlines
BRU,HAJ,UA,United Airlines
BRU,IAD,UA,United Airlines
BRU,JFK,UA,United Airlines
BRU,KGL,UA,United Airlines
BRU,LAD,UA,United Airlines
BRU,MAN,UA,United Airlines
BRU,NSI,UA,United Airlines
BRU,OUA,UA,United Airlines
BRU,PRG,UA,United Airlines
BRU,SXB,UA,United Airlines
BRU,EBB,UA,United Airlines
BRU,EDI,UA,United Airlines
BRU,FIH,UA,United Airlines
BRU,LFW,UA,United Airlines
BRU,NBO,UA,United Airlines
BRU,ROB,UA,United Airlines
BRU,TRN,UA,United Airlines
ABQ,DEN,UA,United Airlines
ABQ,IAH,UA,United Airlines
ABQ,LAX,UA,United Airlines
ABQ,SFO,UA,United Airlines
DEN,ALS,UA,United Airlines
DEN,AMA,UA,United Airlines
DEN,ANC,UA,United Airlines
DEN,ASE,UA,United Airlines
DEN,ATL,UA,United Airlines
DEN,AUS,UA,United Airlines
DEN,BFL,UA,United Airlines
DEN,BHM,UA,United Airlines
DEN,BIL,UA,United Airlines
DEN,BIS,UA,United Airlines
DEN,BNA,UA,United Airlines
DEN,BOI,UA,United Airlines
DEN,BOS,UA,United Airlines
DEN,BUR,UA,United Airlines
DEN,BWI,UA,United Airlines
DEN,BZN,UA,United Airlines
DEN,CDR,UA,United Airlines
DEN,CID,UA,United Airlines
DEN,CLE,UA,United Airlines
DEN,CMH,UA,United Airlines
DEN,COD,UA,United Airlines
DEN,COS,UA,United Airlines
DEN,CPR,UA,United Airlines
DEN,CUN,UA,United Airlines
DEN,CVG,UA,United Airlines
DEN,CYS,UA,United Airlines
DEN,DAY,UA,United Airlines
DEN,DCA,UA,United Airlines
DEN,DDC,UA,United Airlines
DEN,AIA,UA,United Airlines
DEN,DFW,UA,United Airlines
DEN,DIK,UA,United Airlines
DEN,DRO,UA,United Airlines
DEN,DSM,UA,United Airlines
DEN,DTW,UA,United Airlines
DEN,EGE,UA,United Airlines
DEN,ELP,UA,United Airlines
DEN,EUG,UA,United Airlines
DEN,EWR,UA,United Airlines
DEN,FAR,UA,United Airlines
DEN,FAT,UA,United Airlines
DEN,FCA,UA,United Airlines
DEN,FLL,UA,United Airlines
DEN,FMN,UA,United Airlines
DEN,FRA,UA,United Airlines
DEN,FSD,UA,United Airlines
DEN,GCC,UA,United Airlines
DEN,GEG,UA,United Airlines
DEN,GJT,UA,United Airlines
DEN,GRR,UA,United Airlines
DEN,GTF,UA,United Airlines
DEN,GUC,UA,United Airlines
DEN,HDN,UA,United Airlines
DEN,HLN,UA,United Airlines
DEN,HNL,UA,United Airlines
DEN,HSV,UA,United Airlines
DEN,IAD,UA,United Airlines
DEN,IAH,UA,United Airlines
DEN,ICT,UA,United Airlines
DEN,IDA,UA,United Airlines
DEN,IND,UA,United Airlines
DEN,ISN,UA,United Airlines
DEN,JAC,UA,United Airlines
DEN,KOA,UA,United Airlines
DEN,LAR,UA,United Airlines
DEN,LAS,UA,United Airlines
DEN,LAX,UA,United Airlines
DEN,LBB,UA,United Airlines
DEN,LGA,UA,United Airlines
DEN,LIH,UA,United Airlines
DEN,LIT,UA,United Airlines
DEN,LNK,UA,United Airlines
DEN,MAF,UA,United Airlines
DEN,MCI,UA,United Airlines
DEN,MCO,UA,United Airlines
DEN,MEM,UA,United Airlines
DEN,MEX,UA,United Airlines
DEN,MFR,UA,United Airlines
DEN,MIA,UA,United Airlines
DEN,MKE,UA,United Airlines
DEN,MLI,UA,United Airlines
DEN,MOT,UA,United Airlines
DEN,MRY,UA,United Airlines
DEN,MSN,UA,United Airlines
DEN,MSO,UA,United Airlines
DEN,MSP,UA,United Airlines
DEN,MSY,UA,United Airlines
DEN,MTJ,UA,United Airlines
DEN,NRT,UA,United Airlines
DEN,OGG,UA,United Airlines
DEN,OKC,UA,United Airlines
DEN,OMA,UA,United Airlines
DEN,ONT,UA,United Airlines
DEN,PDX,UA,United Airlines
DEN,PHL,UA,United Airlines
DEN,PHX,UA,United Airlines
DEN,PIA,UA,United Airlines
DEN,PIR,UA,United Airlines
DEN,PIT,UA,United Airlines
DEN,PSC,UA,United Airlines
DEN,PSP,UA,United Airlines
DEN,PUB,UA,United Airlines
DEN,PVR,UA,United Airlines
DEN,RAP,UA,United Airlines
DEN,RDM,UA,United Airlines
DEN,RKS,UA,United Airlines
DEN,RNO,UA,United Airlines
DEN,RSW,UA,United Airlines
DEN,SAF,UA,United Airlines
DEN,SAN,UA,United Airlines
DEN,SAT,UA,United Airlines
DEN,SBA,UA,United Airlines
DEN,SDF,UA,United Airlines
DEN,SEA,UA,United Airlines
DEN,SFO,UA,United Airlines
DEN,SGF,UA,United Airlines
DEN,SGU,UA,United Airlines
DEN,SHV,UA,United Airlines
DEN,SJC,UA,United Airlines
DEN,SJD,UA,United Airlines
DEN,SLC,UA,United Airlines
DEN,SMF,UA,United Airlines
DEN,SNA,UA,United Airlines
DEN,STL,UA,United Airlines
DEN,TPA,UA,United Airlines
DEN,TUL,UA,United Airlines
DEN,TUS,UA,United Airlines
DEN,TYS,UA,United Airlines
DEN,XNA,UA,United Airlines
DEN,YEG,UA,United Airlines
DEN,YMM,UA,United Airlines
DEN,YQR,UA,United Airlines
DEN,YUL,UA,United Airlines
DEN,YVR,UA,United Airlines
DEN,YWG,UA,United Airlines
DEN,YXE,UA,United Airlines
DEN,YYC,UA,United Airlines
DEN,YYZ,UA,United Airlines
DEN,LBL,UA,United Airlines
DEN,PGA,UA,United Airlines
IAH,ACA,UA,United Airlines
IAH,ACY,UA,United Airlines
IAH,AEX,UA,United Airlines
IAH,AGU,UA,United Airlines
IAH,AMA,UA,United Airlines
IAH,AMS,UA,United Airlines
IAH,ATL,UA,United Airlines
IAH,AUS,UA,United Airlines
IAH,BFL,UA,United Airlines
IAH,BHM,UA,United Airlines
IAH,BJX,UA,United Airlines
IAH,BNA,UA,United Airlines
IAH,BOG,UA,United Airlines
IAH,BON,UA,United Airlines
IAH,BOS,UA,United Airlines
IAH,BRO,UA,United Airlines
IAH,BTR,UA,United Airlines
IAH,BWI,UA,United Airlines
IAH,BZE,UA,United Airlines
IAH,CAE,UA,United Airlines
IAH,CCS,UA,United Airlines
IAH,CHS,UA,United Airlines
IAH,CLE,UA,United Airlines
IAH,CLL,UA,United Airlines
IAH,CLT,UA,United Airlines
IAH,CME,UA,United Airlines
IAH,CMH,UA,United Airlines
IAH,COS,UA,United Airlines
IAH,CRP,UA,United Airlines
IAH,CUN,UA,United Airlines
IAH,CUU,UA,United Airlines
IAH,CVG,UA,United Airlines
IAH,CZM,UA,United Airlines
IAH,DAL,UA,United Airlines
IAH,DCA,UA,United Airlines
IAH,DFW,UA,United Airlines
IAH,DGO,UA,United Airlines
IAH,DSM,UA,United Airlines
IAH,DTW,UA,United Airlines
IAH,ELP,UA,United Airlines
IAH,EWR,UA,United Airlines
IAH,EZE,UA,United Airlines
IAH,FLL,UA,United Airlines
IAH,FRA,UA,United Airlines
IAH,GCM,UA,United Airlines
IAH,GDL,UA,United Airlines
IAH,GIG,UA,United Airlines
IAH,GJT,UA,United Airlines
IAH,GPT,UA,United Airlines
IAH,GRK,UA,United Airlines
IAH,GRR,UA,United Airlines
IAH,GRU,UA,United Airlines
IAH,GSP,UA,United Airlines
IAH,GUA,UA,United Airlines
IAH,HNL,UA,United Airlines
IAH,HOB,UA,United Airlines
IAH,HRL,UA,United Airlines
IAH,HSV,UA,United Airlines
IAH,HUX,UA,United Airlines
IAH,IAD,UA,United Airlines
IAH,CRW,UA,United Airlines
IAH,ICT,UA,United Airlines
IAH,IND,UA,United Airlines
IAH,JAN,UA,United Airlines
IAH,JAX,UA,United Airlines
IAH,LAS,UA,United Airlines
IAH,LAX,UA,United Airlines
IAH,LBB,UA,United Airlines
IAH,LCH,UA,United Airlines
IAH,LEX,UA,United Airlines
IAH,LFT,UA,United Airlines
IAH,LGA,UA,United Airlines
IAH,LHR,UA,United Airlines
IAH,LIM,UA,United Airlines
IAH,LIR,UA,United Airlines
IAH,LIT,UA,United Airlines
IAH,LOS,UA,United Airlines
IAH,LRD,UA,United Airlines
IAH,MAF,UA,United Airlines
IAH,MBJ,UA,United Airlines
IAH,MCI,UA,United Airlines
IAH,MCO,UA,United Airlines
IAH,MEM,UA,United Airlines
IAH,MEX,UA,United Airlines
IAH,MFE,UA,United Airlines
IAH,MGA,UA,United Airlines
IAH,MIA,UA,United Airlines
IAH,MID,UA,United Airlines
IAH,MKE,UA,United Airlines
IAH,MLM,UA,United Airlines
IAH,MLU,UA,United Airlines
IAH,MOB,UA,United Airlines
IAH,MSP,UA,United Airlines
IAH,MSY,UA,United Airlines
IAH,MTY,UA,United Airlines
IAH,MUC,UA,United Airlines
IAH,NAS,UA,United Airlines
IAH,NRT,UA,United Airlines
IAH,OAX,UA,United Airlines
IAH,OKC,UA,United Airlines
IAH,OMA,UA,United Airlines
IAH,ONT,UA,United Airlines
IAH,ORF,UA,United Airlines
IAH,PBC,UA,United Airlines
IAH,PBI,UA,United Airlines
IAH,PDX,UA,United Airlines
IAH,PEK,UA,United Airlines
IAH,PHL,UA,United Airlines
IAH,PHX,UA,United Airlines
IAH,PIT,UA,United Airlines
IAH,PNS,UA,United Airlines
IAH,POS,UA,United Airlines
IAH,PSP,UA,United Airlines
IAH,PTY,UA,United Airlines
IAH,PVR,UA,United Airlines
IAH,QRO,UA,United Airlines
IAH,RDU,UA,United Airlines
IAH,RIC,UA,United Airlines
IAH,RSW,UA,United Airlines
IAH,RTB,UA,United Airlines
IAH,SAL,UA,United Airlines
IAH,SAN,UA,United Airlines
IAH,SAP,UA,United Airlines
IAH,SAT,UA,United Airlines
IAH,SAV,UA,United Airlines
IAH,SDF,UA,United Airlines
IAH,SEA,UA,United Airlines
IAH,SFO,UA,United Airlines
IAH,SHV,UA,United Airlines
IAH,SJC,UA,United Airlines
IAH,SJD,UA,United Airlines
IAH,SJO,UA,United Airlines
IAH,SJU,UA,United Airlines
IAH,SLC,UA,United Airlines
IAH,SLP,UA,United Airlines
IAH,SLW,UA,United Airlines
IAH,SMF,UA,United Airlines
IAH,SNA,UA,United Airlines
IAH,STL,UA,United Airlines
IAH,TAM,UA,United Airlines
IAH,TGU,UA,United Airlines
IAH,TPA,UA,United Airlines
IAH,TRC,UA,United Airlines
IAH,TUL,UA,United Airlines
IAH,TUS,UA,United Airlines
IAH,TYR,UA,United Airlines
IAH,TYS,UA,United Airlines
IAH,UIO,UA,United Airlines
IAH,VER,UA,United Airlines
IAH,VPS,UA,United Airlines
IAH,VSA,UA,United Airlines
IAH,XNA,UA,United Airlines
IAH,YEG,UA,United Airlines
IAH,YUL,UA,United Airlines
IAH,YVR,UA,United Airlines
IAH,YYC,UA,United Airlines
IAH,YYZ,UA,United Airlines
IAH,ZIH,UA,United Airlines
IAH,ZLO,UA,United Airlines
LAX,AKL,UA,United Airlines
LAX,ASE,UA,United Airlines
LAX,AUS,UA,United Airlines
LAX,BFL,UA,United Airlines
LAX,BJX,UA,United Airlines
LAX,BOI,UA,United Airlines
LAX,BOS,UA,United Airlines
LAX,BWI,UA,United Airlines
LAX,CLD,UA,United Airlines
LAX,CLE,UA,United Airlines
LAX,COS,UA,United Airlines
LAX,CUN,UA,United Airlines
LAX,DFW,UA,United Airlines
LAX,DGO,UA,United Airlines
LAX,EWR,UA,United Airlines
LAX,FAT,UA,United Airlines
LAX,FRA,UA,United Airlines
LAX,GDL,UA,United Airlines
LAX,HND,UA,United Airlines
LAX,HNL,UA,United Airlines
LAX,IAD,UA,United Airlines
LAX,ICN,UA,United Airlines
LAX,ICT,UA,United Airlines
LAX,ITO,UA,United Airlines
LAX,JFK,UA,United Airlines
LAX,KOA,UA,United Airlines
LAX,LAS,UA,United Airlines
LAX,IGM,UA,United Airlines
LAX,LHR,UA,United Airlines
LAX,LIH,UA,United Airlines
LAX,MCO,UA,United Airlines
LAX,MEX,UA,United Airlines
LAX,MRY,UA,United Airlines
LAX,MSP,UA,United Airlines
LAX,MSY,UA,United Airlines
LAX,MUC,UA,United Airlines
LAX,NRT,UA,United Airlines
LAX,OGG,UA,United Airlines
LAX,OKC,UA,United Airlines
LAX,PDX,UA,United Airlines
LAX,PEK,UA,United Airlines
LAX,PHX,UA,United Airlines
LAX,PIT,UA,United Airlines
LAX,PSP,UA,United Airlines
LAX,PTY,UA,United Airlines
LAX,PVG,UA,United Airlines
LAX,PVR,UA,United Airlines
LAX,RNO,UA,United Airlines
LAX,SAL,UA,United Airlines
LAX,SAN,UA,United Airlines
LAX,SAT,UA,United Airlines
LAX,SBA,UA,United Airlines
LAX,SBP,UA,United Airlines
LAX,SEA,UA,United Airlines
LAX,SFO,UA,United Airlines
LAX,SJC,UA,United Airlines
LAX,SJD,UA,United Airlines
LAX,SLC,UA,United Airlines
LAX,SMF,UA,United Airlines
LAX,SMX,UA,United Airlines
LAX,SYD,UA,United Airlines
LAX,TUS,UA,United Airlines
LAX,YLW,UA,United Airlines
LAX,YUL,UA,United Airlines
LAX,YUM,UA,United Airlines
LAX,YVR,UA,United Airlines
LAX,YYZ,UA,United Airlines
LAX,ZRH,UA,United Airlines
SFO,ACV,UA,United Airlines
SFO,AKL,UA,United Airlines
SFO,ATL,UA,United Airlines
SFO,AUS,UA,United Airlines
SFO,BFL,UA,United Airlines
SFO,BOI,UA,United Airlines
SFO,BOS,UA,United Airlines
SFO,BUR,UA,United Airlines
SFO,BWI,UA,United Airlines
SFO,CDG,UA,United Airlines
SFO,CEC,UA,United Airlines
SFO,CIC,UA,United Airlines
SFO,CLE,UA,United Airlines
SFO,COS,UA,United Airlines
SFO,CUN,UA,United Airlines
SFO,DCA,UA,United Airlines
SFO,DFW,UA,United Airlines
SFO,EUG,UA,United Airlines
SFO,EWR,UA,United Airlines
SFO,FAT,UA,United Airlines
SFO,FLL,UA,United Airlines
SFO,FRA,UA,United Airlines
SFO,GDL,UA,United Airlines
SFO,HKG,UA,United Airlines
SFO,HNL,UA,United Airlines
SFO,IAD,UA,United Airlines
SFO,ICN,UA,United Airlines
SFO,IND,UA,United Airlines
SFO,JFK,UA,United Airlines
SFO,KIX,UA,United Airlines
SFO,KOA,UA,United Airlines
SFO,LAS,UA,United Airlines
SFO,LHR,UA,United Airlines
SFO,LIH,UA,United Airlines
SFO,LMT,UA,United Airlines
SFO,MCI,UA,United Airlines
SFO,MCO,UA,United Airlines
SFO,MEX,UA,United Airlines
SFO,MFR,UA,United Airlines
SFO,MOD,UA,United Airlines
SFO,MRY,UA,United Airlines
SFO,MSP,UA,United Airlines
SFO,MSY,UA,United Airlines
SFO,MUC,UA,United Airlines
SFO,NRT,UA,United Airlines
SFO,OGG,UA,United Airlines
SFO,OKC,UA,United Airlines
SFO,ONT,UA,United Airlines
SFO,OTH,UA,United Airlines
SFO,PDX,UA,United Airlines
SFO,PEK,UA,United Airlines
SFO,PHL,UA,United Airlines
SFO,PHX,UA,United Airlines
SFO,PIT,UA,United Airlines
SFO,PSC,UA,United Airlines
SFO,PSP,UA,United Airlines
SFO,PVG,UA,United Airlines
SFO,PVR,UA,United Airlines
SFO,RDD,UA,United Airlines
SFO,RDM,UA,United Airlines
SFO,RDU,UA,United Airlines
SFO,RNO,UA,United Airlines
SFO,SAL,UA,United Airlines
SFO,SAN,UA,United Airlines
SFO,SAT,UA,United Airlines
SFO,SBA,UA,United Airlines
SFO,SBP,UA,United Airlines
SFO,SEA,UA,United Airlines
SFO,SJD,UA,United Airlines
SFO,SLC,UA,United Airlines
SFO,SMF,UA,United Airlines
SFO,SNA,UA,United Airlines
SFO,STL,UA,United Airlines
SFO,SYD,UA,United Airlines
SFO,TPE,UA,United Airlines
SFO,TUS,UA,United Airlines
SFO,YEG,UA,United Airlines
SFO,YUL,UA,United Airlines
SFO,YVR,UA,United Airlines
SFO,YYC,UA,United Airlines
SFO,YYJ,UA,United Airlines
SFO,YYZ,UA,United Airlines
SFO,ZRH,UA,United Airlines
ACV,CEC,UA,United Airlines
ACV,SMF,UA,United Airlines
SMF,IAD,UA,United Airlines
ADD,JED,UA,United Airlines
JED,FRA,UA,United Airlines
AIA,CDR,UA,United Airlines
AKL,HNL,UA,United Airlines
ALA,TSE,UA,United Airlines
TSE,FRA,UA,United Airlines
ALB,CLE,UA,United Airlines
ALB,EWR,UA,United Airlines
ALB,IAD,UA,United Airlines
CLE,ATL,UA,United Airlines
CLE,AUS,UA,United Airlines
CLE,BFD,UA,United Airlines
CLE,BNA,UA,United Airlines
CLE,BOS,UA,United Airlines
CLE,BUF,UA,United Airlines
CLE,BWI,UA,United Airlines
CLE,CHS,UA,United Airlines
CLE,CLT,UA,United Airlines
CLE,CMH,UA,United Airlines
CLE,CUN,UA,United Airlines
CLE,DAY,UA,United Airlines
CLE,DCA,UA,United Airlines
CLE,DFW,UA,United Airlines
CLE,DUJ,UA,United Airlines
CLE,ERI,UA,United Airlines
CLE,EWR,UA,United Airlines
CLE,FKL,UA,United Airlines
CLE,FLL,UA,United Airlines
CLE,FNT,UA,United Airlines
CLE,GRR,UA,United Airlines
CLE,GSP,UA,United Airlines
CLE,IAD,UA,United Airlines
CLE,IND,UA,United Airlines
CLE,JHW,UA,United Airlines
CLE,LAS,UA,United Airlines
CLE,LGA,UA,United Airlines
CLE,MCI,UA,United Airlines
CLE,MCO,UA,United Airlines
CLE,MKE,UA,United Airlines
CLE,MSP,UA,United Airlines
CLE,MSY,UA,United Airlines
CLE,PBI,UA,United Airlines
CLE,PHX,UA,United Airlines
CLE,PKB,UA,United Airlines
CLE,RIC,UA,United Airlines
CLE,ROC,UA,United Airlines
CLE,RSW,UA,United Airlines
CLE,SDF,UA,United Airlines
CLE,STL,UA,United Airlines
CLE,SYR,UA,United Airlines
CLE,TPA,UA,United Airlines
CLE,YYZ,UA,United Airlines
EWR,AMS,UA,United Airlines
EWR,ANU,UA,United Airlines
EWR,ARN,UA,United Airlines
EWR,ATL,UA,United Airlines
EWR,AUA,UA,United Airlines
EWR,AUS,UA,United Airlines
EWR,BCN,UA,United Airlines
EWR,BDA,UA,United Airlines
EWR,BFS,UA,United Airlines
EWR,BHX,UA,United Airlines
EWR,BNA,UA,United Airlines
EWR,BOG,UA,United Airlines
EWR,BOM,UA,United Airlines
EWR,BON,UA,United Airlines
EWR,BOS,UA,United Airlines
EWR,BQN,UA,United Airlines
EWR,BTV,UA,United Airlines
EWR,BUF,UA,United Airlines
EWR,BWI,UA,United Airlines
EWR,BZE,UA,United Airlines
EWR,CDG,UA,United Airlines
EWR,CHS,UA,United Airlines
EWR,CLT,UA,United Airlines
EWR,CMH,UA,United Airlines
EWR,CUN,UA,United Airlines
EWR,CVG,UA,United Airlines
EWR,DAY,UA,United Airlines
EWR,DCA,UA,United Airlines
EWR,DEL,UA,United Airlines
EWR,DFW,UA,United Airlines
EWR,DSM,UA,United Airlines
EWR,DTW,UA,United Airlines
EWR,DUB,UA,United Airlines
EWR,DUS,UA,United Airlines
EWR,EDI,UA,United Airlines
EWR,FCO,UA,United Airlines
EWR,FLL,UA,United Airlines
EWR,FRA,UA,United Airlines
EWR,GCM,UA,United Airlines
EWR,GLA,UA,United Airlines
EWR,GRR,UA,United Airlines
EWR,GRU,UA,United Airlines
EWR,GSO,UA,United Airlines
EWR,GSP,UA,United Airlines
EWR,GUA,UA,United Airlines
EWR,GVA,UA,United Airlines
EWR,HAM,UA,United Airlines
EWR,HKG,UA,United Airlines
EWR,HNL,UA,United Airlines
EWR,IAD,UA,United Airlines
EWR,IND,UA,United Airlines
EWR,ITH,UA,United Airlines
EWR,JAX,UA,United Airlines
EWR,LAS,UA,United Airlines
EWR,LHR,UA,United Airlines
EWR,LIM,UA,United Airlines
EWR,LIR,UA,United Airlines
EWR,LIS,UA,United Airlines
EWR,MAD,UA,United Airlines
EWR,MAN,UA,United Airlines
EWR,MBJ,UA,United Airlines
EWR,MCI,UA,United Airlines
EWR,MCO,UA,United Airlines
EWR,MEM,UA,United Airlines
EWR,MEX,UA,United Airlines
EWR,MHT,UA,United Airlines
EWR,MIA,UA,United Airlines
EWR,MKE,UA,United Airlines
EWR,MSN,UA,United Airlines
EWR,MSP,UA,United Airlines
EWR,MSY,UA,United Airlines
EWR,MUC,UA,United Airlines
EWR,MXP,UA,United Airlines
EWR,MYR,UA,United Airlines
EWR,NAS,UA,United Airlines
EWR,NRT,UA,United Airlines
EWR,OKC,UA,United Airlines
EWR,OMA,UA,United Airlines
EWR,ORF,UA,United Airlines
EWR,OSL,UA,United Airlines
EWR,PBI,UA,United Airlines
EWR,PDX,UA,United Airlines
EWR,PEK,UA,United Airlines
EWR,PHX,UA,United Airlines
EWR,PIT,UA,United Airlines
EWR,PLS,UA,United Airlines
EWR,POP,UA,United Airlines
EWR,POS,UA,United Airlines
EWR,PTY,UA,United Airlines
EWR,PUJ,UA,United Airlines
EWR,PVD,UA,United Airlines
EWR,PVG,UA,United Airlines
EWR,PVR,UA,United Airlines
EWR,PWM,UA,United Airlines
EWR,RDU,UA,United Airlines
EWR,RIC,UA,United Airlines
EWR,ROC,UA,United Airlines
EWR,RSW,UA,United Airlines
EWR,SAL,UA,United Airlines
EWR,SAN,UA,United Airlines
EWR,SAP,UA,United Airlines
EWR,SAT,UA,United Airlines
EWR,SAV,UA,United Airlines
EWR,SDF,UA,United Airlines
EWR,SDQ,UA,United Airlines
EWR,SEA,UA,United Airlines
EWR,SJD,UA,United Airlines
EWR,SJO,UA,United Airlines
EWR,SJU,UA,United Airlines
EWR,SNA,UA,United Airlines
EWR,SNN,UA,United Airlines
EWR,STL,UA,United Airlines
EWR,STR,UA,United Airlines
EWR,STT,UA,United Airlines
EWR,SXM,UA,United Airlines
EWR,SYR,UA,United Airlines
EWR,TLV,UA,United Airlines
EWR,TPA,UA,United Airlines
EWR,TUL,UA,United Airlines
EWR,TXL,UA,United Airlines
EWR,TYS,UA,United Airlines
EWR,UVF,UA,United Airlines
EWR,XNA,UA,United Airlines
EWR,YEG,UA,United Airlines
EWR,YHZ,UA,United Airlines
EWR,YOW,UA,United Airlines
EWR,YQB,UA,United Airlines
EWR,YQM,UA,United Airlines
EWR,YUL,UA,United Airlines
EWR,YVR,UA,United Airlines
EWR,YYT,UA,United Airlines
EWR,YYZ,UA,United Airlines
EWR,ZRH,UA,United Airlines
IAD,AMS,UA,United Airlines
IAD,AOO,UA,United Airlines
IAD,ATL,UA,United Airlines
IAD,AUA,UA,United Airlines
IAD,AUS,UA,United Airlines
IAD,BDL,UA,United Airlines
IAD,BGM,UA,United Airlines
IAD,BKW,UA,United Airlines
IAD,BNA,UA,United Airlines
IAD,BOG,UA,United Airlines
IAD,BOS,UA,United Airlines
IAD,BTV,UA,United Airlines
IAD,BUF,UA,United Airlines
IAD,CAE,UA,United Airlines
IAD,CDG,UA,United Airlines
IAD,CHO,UA,United Airlines
IAD,CHS,UA,United Airlines
IAD,CKB,UA,United Airlines
IAD,CLT,UA,United Airlines
IAD,CMH,UA,United Airlines
IAD,COS,UA,United Airlines
IAD,CUN,UA,United Airlines
IAD,CVG,UA,United Airlines
IAD,DAY,UA,United Airlines
IAD,DFW,UA,United Airlines
IAD,DKR,UA,United Airlines
IAD,DTW,UA,United Airlines
IAD,DUB,UA,United Airlines
IAD,DXB,UA,United Airlines
IAD,FAY,UA,United Airlines
IAD,FCO,UA,United Airlines
IAD,FLL,UA,United Airlines
IAD,FRA,UA,United Airlines
IAD,GCM,UA,United Airlines
IAD,GRR,UA,United Airlines
IAD,GRU,UA,United Airlines
IAD,GSO,UA,United Airlines
IAD,GSP,UA,United Airlines
IAD,GUA,UA,United Airlines
IAD,GVA,UA,United Airlines
IAD,HNL,UA,United Airlines
IAD,HSV,UA,United Airlines
IAD,CRW,UA,United Airlines
IAD,IND,UA,United Airlines
IAD,JAX,UA,United Airlines
IAD,JFK,UA,United Airlines
IAD,JST,UA,United Airlines
IAD,KWI,UA,United Airlines
IAD,LAS,UA,United Airlines
IAD,LGA,UA,United Airlines
IAD,LHR,UA,United Airlines
IAD,LWB,UA,United Airlines
IAD,MAN,UA,United Airlines
IAD,MBJ,UA,United Airlines
IAD,MCI,UA,United Airlines
IAD,MCO,UA,United Airlines
IAD,MDT,UA,United Airlines
IAD,MEX,UA,United Airlines
IAD,MGW,UA,United Airlines
IAD,MIA,UA,United Airlines
IAD,MSP,UA,United Airlines
IAD,MSY,UA,United Airlines
IAD,MUC,UA,United Airlines
IAD,NRT,UA,United Airlines
IAD,OKC,UA,United Airlines
IAD,OMA,UA,United Airlines
IAD,ORF,UA,United Airlines
IAD,PDX,UA,United Airlines
IAD,PEK,UA,United Airlines
IAD,PHL,UA,United Airlines
IAD,PHX,UA,United Airlines
IAD,PIT,UA,United Airlines
IAD,PTY,UA,United Airlines
IAD,PUJ,UA,United Airlines
IAD,PVD,UA,United Airlines
IAD,PWM,UA,United Airlines
IAD,RDU,UA,United Airlines
IAD,RIC,UA,United Airlines
IAD,ROA,UA,United Airlines
IAD,ROC,UA,United Airlines
IAD,SAN,UA,United Airlines
IAD,SAT,UA,United Airlines
IAD,SAV,UA,United Airlines
IAD,SCE,UA,United Airlines
IAD,SDF,UA,United Airlines
IAD,SEA,UA,United Airlines
IAD,SHD,UA,United Airlines
IAD,SJO,UA,United Airlines
IAD,SJU,UA,United Airlines
IAD,STL,UA,United Airlines
IAD,STT,UA,United Airlines
IAD,SXM,UA,United Airlines
IAD,SYR,UA,United Airlines
IAD,TPA,UA,United Airlines
IAD,TUL,UA,United Airlines
IAD,TYS,UA,United Airlines
IAD,VIE,UA,United Airlines
IAD,YOW,UA,United Airlines
IAD,YUL,UA,United Airlines
IAD,YYZ,UA,United Airlines
IAD,ZRH,UA,United Airlines
ALS,FMN,UA,United Airlines
FMN,SOW,UA,United Airlines
ANC,SEA,UA,United Airlines
SEA,FRA,UA,United Airlines
SEA,ICN,UA,United Airlines
SEA,NRT,UA,United Airlines
SEA,PDX,UA,United Airlines
SEA,YVR,UA,United Airlines
AOO,JST,UA,United Airlines
ARN,GOT,UA,United Airlines
ASB,GYD,UA,United Airlines
GYD,FRA,UA,United Airlines
ATL,FRA,UA,United Airlines
ATL,LGA,UA,United Airlines
ATL,YYZ,UA,United Airlines
FRA,AUH,UA,United Airlines
FRA,BOS,UA,United Airlines
FRA,DFW,UA,United Airlines
FRA,DOH,UA,United Airlines
FRA,DTW,UA,United Airlines
FRA,JFK,UA,United Airlines
FRA,LOS,UA,United Airlines
FRA,MCO,UA,United Airlines
FRA,MIA,UA,United Airlines
LGA,YOW,UA,United Airlines
LGA,YUL,UA,United Airlines
LGA,YYZ,UA,United Airlines
YYZ,BDL,UA,United Airlines
YYZ,BOS,UA,United Airlines
YYZ,CMH,UA,United Airlines
YYZ,DFW,UA,United Airlines
YYZ,DTW,UA,United Airlines
YYZ,MSP,UA,United Airlines
YYZ,MSY,UA,United Airlines
YYZ,PHL,UA,United Airlines
YYZ,PIT,UA,United Airlines
YYZ,STL,UA,United Airlines
YYZ,YUL,UA,United Airlines
AUH,MCT,UA,United Airlines
AUS,CUN,UA,United Airlines
BAH,DOH,UA,United Airlines
BAH,KWI,UA,United Airlines
DOH,DXB,UA,United Airlines
BAQ,MIA,UA,United Airlines
MIA,BOG,UA,United Airlines
MIA,CLO,UA,United Airlines
MIA,CTG,UA,United Airlines
MIA,GUA,UA,United Airlines
MIA,LIM,UA,United Airlines
MIA,LIS,UA,United Airlines
MIA,MDE,UA,United Airlines
MIA,PTY,UA,United Airlines
MIA,SAL,UA,United Airlines
MIA,SAP,UA,United Airlines
MIA,ZRH,UA,United Airlines
BDL,YUL,UA,United Airlines
YUL,BOS,UA,United Airlines
YUL,GVA,UA,United Airlines
BFD,JHW,UA,United Airlines
BIM,FLL,UA,United Airlines
FLL,ELH,UA,United Airlines
FLL,EYW,UA,United Airlines
FLL,FPO,UA,United Airlines
FLL,GGT,UA,United Airlines
FLL,GHB,UA,United Airlines
FLL,MCO,UA,United Airlines
FLL,MHH,UA,United Airlines
FLL,TCB,UA,United Airlines
FLL,TPA,UA,United Airlines
BJL,DKR,UA,United Airlines
DKR,CKY,UA,United Airlines
DKR,JNB,UA,United Airlines
BJM,NBO,UA,United Airlines
NBO,DAR,UA,United Airlines
NBO,KGL,UA,United Airlines
NBO,ZRH,UA,United Airlines
BKK,NRT,UA,United Airlines
NRT,GUM,UA,United Airlines
NRT,HNL,UA,United Airlines
NRT,ICN,UA,United Airlines
NRT,JFK,UA,United Airlines
NRT,SIN,UA,United Airlines
NRT,SJC,UA,United Airlines
BKW,SHD,UA,United Airlines
BOG,JFK,UA,United Airlines
BOG,CLO,UA,United Airlines
JFK,CAI,UA,United Airlines
JFK,DUB,UA,United Airlines
JFK,GVA,UA,United Airlines
JFK,ICN,UA,United Airlines
JFK,JNB,UA,United Airlines
JFK,MUC,UA,United Airlines
JFK,PEK,UA,United Airlines
JFK,PTY,UA,United Airlines
JFK,SAL,UA,United Airlines
JFK,VIE,UA,United Airlines
JFK,ZRH,UA,United Airlines
BOS,DUB,UA,United Airlines
BOS,MUC,UA,United Airlines
BOS,PTY,UA,United Airlines
BOS,YHZ,UA,United Airlines
BOS,YOW,UA,United Airlines
BOS,ZRH,UA,United Airlines
PTY,LAS,UA,United Airlines
PTY,MCO,UA,United Airlines
DLA,FIH,UA,United Airlines
DLA,NSI,UA,United Airlines
FNA,ROB,UA,United Airlines
KGL,EBB,UA,United Airlines
LAD,FIH,UA,United Airlines
CKB,MGW,UA,United Airlines
DFW,SAL,UA,United Airlines
DUJ,FKL,UA,United Airlines
LAS,FAT,UA,United Airlines
LAS,PSP,UA,United Airlines
MCO,GNV,UA,United Airlines
MCO,MHH,UA,United Airlines
MCO,PNS,UA,United Airlines
MCO,RSW,UA,United Airlines
MCO,TLH,UA,United Airlines
PBI,ELH,UA,United Airlines
PBI,MHH,UA,United Airlines
PBI,TPA,UA,United Airlines
PHX,SOW,UA,United Airlines
RSW,EYW,UA,United Airlines
TPA,EYW,UA,United Airlines
TPA,GNV,UA,United Airlines
TPA,JAX,UA,United Airlines
TPA,PNS,UA,United Airlines
TPA,TLH,UA,United Airlines
CNS,GUM,UA,United Airlines
GUM,CTS,UA,United Airlines
GUM,FUK,UA,United Airlines
GUM,HKG,UA,United Airlines
GUM,HNL,UA,United Airlines
GUM,KIX,UA,United Airlines
GUM,MNL,UA,United Airlines
GUM,NGO,UA,United Airlines
GUM,OKJ,UA,United Airlines
GUM,ROP,UA,United Airlines
GUM,ROR,UA,United Airlines
GUM,SDJ,UA,United Airlines
GUM,SPN,UA,United Airlines
GUM,TKK,UA,United Airlines
GUM,YAP,UA,United Airlines
CPH,OSL,UA,United Airlines
CYS,WRL,UA,United Airlines
DDC,LBL,UA,United Airlines
EUG,PDX,UA,United Airlines
HNL,HND,UA,United Airlines
HNL,LIH,UA,United Airlines
HNL,MAJ,UA,United Airlines
HNL,OGG,UA,United Airlines
HNL,PEK,UA,United Airlines
PDX,LMT,UA,United Airlines
PDX,RDM,UA,United Airlines
PDX,YVR,UA,United Airlines
PDX,YYC,UA,United Airlines
PIR,HON,UA,United Airlines
DME,VIE,UA,United Airlines
VIE,EVN,UA,United Airlines
VIE,LED,UA,United Airlines
GRU,GIG,UA,United Airlines
HKG,SGN,UA,United Airlines
HKG,SIN,UA,United Airlines
JAX,MHH,UA,United Airlines
LIS,TMS,UA,United Airlines
SJU,EIS,UA,United Airlines
SJU,STT,UA,United Airlines
GGT,GHB,UA,United Airlines
LOS,PHC,UA,United Airlines
MNL,ROR,UA,United Airlines
ROP,SPN,UA,United Airlines
ROR,YAP,UA,United Airlines
TKK,PNI,UA,United Airlines
MAJ,KWA,UA,United Airlines
ICN,REP,UA,United Airlines
IGM,PGA,UA,United Airlines
KSA,KWA,UA,United Airlines
KSA,PNI,UA,United Airlines
KWA,PNI,UA,United Airlines
SYD,MEL,UA,United Airlines
