ABQ,BWI,WN,Southwest Airlines
ABQ,DAL,WN,Southwest Airlines
ABQ,DEN,WN,Southwest Airlines
ABQ,HOU,WN,Southwest Airlines
ABQ,LAS,WN,Southwest Airlines
ABQ,LAX,WN,Southwest Airlines
ABQ,MCI,WN,Southwest Airlines
ABQ,MDW,WN,Southwest Airlines
ABQ,OAK,WN,Southwest Airlines
ABQ,PDX,WN,Southwest Airlines
ABQ,PHX,WN,Southwest Airlines
ABQ,SAN,WN,Southwest Airlines
ABQ,SEA,WN,Southwest Airlines
BWI,ALB,WN,Southwest Airlines
BWI,ATL,WN,Southwest Airlines
BWI,AUS,WN,Southwest Airlines
BWI,BDL,WN,Southwest Airlines
BWI,BHM,WN,Southwest Airlines
BWI,BNA,WN,Southwest Airlines
BWI,BOS,WN,Southwest Airlines
BWI,BUF,WN,Southwest Airlines
BWI,CHS,WN,Southwest Airlines
BWI,CLE,WN,Southwest Airlines
BWI,CLT,WN,Southwest Airlines
BWI,CMH,WN,Southwest Airlines
BWI,DAY,WN,Southwest Airlines
BWI,DEN,WN,Southwest Airlines
BWI,DTW,WN,Southwest Airlines
BWI,ECP,WN,Southwest Airlines
BWI,FLL,WN,Southwest Airlines
BWI,FNT,WN,Southwest Airlines
BWI,GRR,WN,Southwest Airlines
BWI,GSP,WN,Southwest Airlines
BWI,HOU,WN,Southwest Airlines
BWI,IND,WN,Southwest Airlines
BWI,ISP,WN,Southwest Airlines
BWI,JAX,WN,Southwest Airlines
BWI,LAS,WN,Southwest Airlines
BWI,LAX,WN,Southwest Airlines
BWI,LIT,WN,Southwest Airlines
BWI,MCI,WN,Southwest Airlines
BWI,MCO,WN,Southwest Airlines
BWI,MDW,WN,Southwest Airlines
BWI,MEM,WN,Southwest Airlines
BWI,MHT,WN,Southwest Airlines
BWI,MKE,WN,Southwest Airlines
BWI,MSY,WN,Southwest Airlines
BWI,OKC,WN,Southwest Airlines
BWI,ORF,WN,Southwest Airlines
BWI,PBI,WN,Southwest Airlines
BWI,PHX,WN,Southwest Airlines
BWI,PIT,WN,Southwest Airlines
BWI,PVD,WN,Southwest Airlines
BWI,PWM,WN,Southwest Airlines
BWI,RDU,WN,Southwest Airlines
BWI,ROC,WN,Southwest Airlines
BWI,RSW,WN,Southwest Airlines
BWI,SAN,WN,Southwest Airlines
BWI,SAT,WN,Southwest Airlines
BWI,SDF,WN,Southwest Airlines
BWI,SEA,WN,Southwest Airlines
BWI,SJU,WN,Southwest Airlines
BWI,SLC,WN,Southwest Airlines
BWI,STL,WN,Southwest Airlines
BWI,TPA,WN,Southwest Airlines
DAL,AMA,WN,Southwest Airlines
DAL,AUS,WN,Southwest Airlines
DAL,BHM,WN,Southwest Airlines
DAL,BKG,WN,Southwest Airlines
DAL,ELP,WN,Southwest Airlines
DAL,HOU,WN,Southwest Airlines
DAL,HRL,WN,Southwest Airlines
DAL,ICT,WN,Southwest Airlines
DAL,LBB,WN,Southwest Airlines
DAL,LIT,WN,Southwest Airlines
DAL,MAF,WN,Southwest Airlines
DAL,MCI,WN,Southwest Airlines
DAL,MSY,WN,Southwest Airlines
DAL,OKC,WN,Southwest Airlines
DAL,SAT,WN,Southwest Airlines
DAL,STL,WN,Southwest Airlines
DAL,TUL,WN,Southwest Airlines
DEN,AMA,WN,Southwest Airlines
DEN,ATL,WN,Southwest Airlines
DEN,AUS,WN,Southwest Airlines
DEN,BDL,WN,Southwest Airlines
DEN,BNA,WN,Southwest Airlines
DEN,BOI,WN,Southwest Airlines
DEN,BOS,WN,Southwest Airlines
DEN,BUR,WN,Southwest Airlines
DEN,CAK,WN,Southwest Airlines
DEN,CMH,WN,Southwest Airlines
DEN,DAY,WN,Southwest Airlines
DEN,DTW,WN,Southwest Airlines
DEN,EWR,WN,Southwest Airlines
DEN,FLL,WN,Southwest Airlines
DEN,GEG,WN,Southwest Airlines
DEN,GRR,WN,Southwest Airlines
DEN,HOU,WN,Southwest Airlines
DEN,IAD,WN,Southwest Airlines
DEN,IND,WN,Southwest Airlines
DEN,JAX,WN,Southwest Airlines
DEN,LAS,WN,Southwest Airlines
DEN,LAX,WN,Southwest Airlines
DEN,LGA,WN,Southwest Airlines
DEN,MCI,WN,Southwest Airlines
DEN,MCO,WN,Southwest Airlines
DEN,MDW,WN,Southwest Airlines
DEN,MKE,WN,Southwest Airlines
DEN,MSP,WN,Southwest Airlines
DEN,MSY,WN,Southwest Airlines
DEN,OAK,WN,Southwest Airlines
DEN,OKC,WN,Southwest Airlines
DEN,OMA,WN,Southwest Airlines
DEN,ONT,WN,Southwest Airlines
DEN,PDX,WN,Southwest Airlines
DEN,PHL,WN,Southwest Airlines
DEN,PHX,WN,Southwest Airlines
DEN,PIT,WN,Southwest Airlines
DEN,RDU,WN,Southwest Airlines
DEN,RNO,WN,Southwest Airlines
DEN,SAN,WN,Southwest Airlines
DEN,SAT,WN,Southwest Airlines
DEN,SDF,WN,Southwest Airlines
DEN,SEA,WN,Southwest Airlines
DEN,SFO,WN,Southwest Airlines
DEN,SJC,WN,Southwest Airlines
DEN,SLC,WN,Southwest Airlines
DEN,SMF,WN,Southwest Airlines
DEN,SNA,WN,Southwest Airlines
DEN,STL,WN,Southwest Airlines
DEN,TPA,WN,Southwest Airlines
DEN,TUL,WN,Southwest Airlines
DEN,TUS,WN,Southwest Airlines
HOU,ATL,WN,Southwest Airlines
HOU,AUS,WN,Southwest Airlines
HOU,BHM,WN,Southwest Airlines
HOU,BKG,WN,Southwest Airlines
HOU,BNA,WN,Southwest Airlines
HOU,BOS,WN,Southwest Airlines
HOU,CHS,WN,Southwest Airlines
HOU,CLT,WN,Southwest Airlines
HOU,CRP,WN,Southwest Airlines
HOU,DCA,WN,Southwest Airlines
HOU,ECP,WN,Southwest Airlines
HOU,ELP,WN,Southwest Airlines
HOU,EWR,WN,Southwest Airlines
HOU,FLL,WN,Southwest Airlines
HOU,GSP,WN,Southwest Airlines
HOU,HRL,WN,Southwest Airlines
HOU,IND,WN,Southwest Airlines
HOU,JAN,WN,Southwest Airlines
HOU,JAX,WN,Southwest Airlines
HOU,LAS,WN,Southwest Airlines
HOU,LAX,WN,Southwest Airlines
HOU,LGA,WN,Southwest Airlines
HOU,LIT,WN,Southwest Airlines
HOU,MAF,WN,Southwest Airlines
HOU,MCI,WN,Southwest Airlines
HOU,MCO,WN,Southwest Airlines
HOU,MDW,WN,Southwest Airlines
HOU,MEM,WN,Southwest Airlines
HOU,MSY,WN,Southwest Airlines
HOU,OAK,WN,Southwest Airlines
HOU,OKC,WN,Southwest Airlines
HOU,PHX,WN,Southwest Airlines
HOU,PIT,WN,Southwest Airlines
HOU,PNS,WN,Southwest Airlines
HOU,RDU,WN,Southwest Airlines
HOU,SAN,WN,Southwest Airlines
HOU,SAT,WN,Southwest Airlines
HOU,SNA,WN,Southwest Airlines
HOU,STL,WN,Southwest Airlines
HOU,TPA,WN,Southwest Airlines
HOU,TUL,WN,Southwest Airlines
LAS,ALB,WN,Southwest Airlines
LAS,AMA,WN,Southwest Airlines
LAS,ATL,WN,Southwest Airlines
LAS,AUS,WN,Southwest Airlines
LAS,BDL,WN,Southwest Airlines
LAS,BHM,WN,Southwest Airlines
LAS,BNA,WN,Southwest Airlines
LAS,BOI,WN,Southwest Airlines
LAS,BUF,WN,Southwest Airlines
LAS,BUR,WN,Southwest Airlines
LAS,CLE,WN,Southwest Airlines
LAS,CMH,WN,Southwest Airlines
LAS,DSM,WN,Southwest Airlines
LAS,DTW,WN,Southwest Airlines
LAS,ELP,WN,Southwest Airlines
LAS,FLL,WN,Southwest Airlines
LAS,FNT,WN,Southwest Airlines
LAS,GEG,WN,Southwest Airlines
LAS,ICT,WN,Southwest Airlines
LAS,IND,WN,Southwest Airlines
LAS,JAX,WN,Southwest Airlines
LAS,LAX,WN,Southwest Airlines
LAS,LBB,WN,Southwest Airlines
LAS,LIT,WN,Southwest Airlines
LAS,MAF,WN,Southwest Airlines
LAS,MCI,WN,Southwest Airlines
LAS,MCO,WN,Southwest Airlines
LAS,MDW,WN,Southwest Airlines
LAS,MKE,WN,Southwest Airlines
LAS,MSY,WN,Southwest Airlines
LAS,OAK,WN,Southwest Airlines
LAS,OKC,WN,Southwest Airlines
LAS,OMA,WN,Southwest Airlines
LAS,ONT,WN,Southwest Airlines
LAS,PDX,WN,Southwest Airlines
LAS,PHL,WN,Southwest Airlines
LAS,PHX,WN,Southwest Airlines
LAS,PIT,WN,Southwest Airlines
LAS,RDU,WN,Southwest Airlines
LAS,RNO,WN,Southwest Airlines
LAS,SAN,WN,Southwest Airlines
LAS,SAT,WN,Southwest Airlines
LAS,SDF,WN,Southwest Airlines
LAS,SEA,WN,Southwest Airlines
LAS,SFO,WN,Southwest Airlines
LAS,SJC,WN,Southwest Airlines
LAS,SLC,WN,Southwest Airlines
LAS,SMF,WN,Southwest Airlines
LAS,SNA,WN,Southwest Airlines
LAS,STL,WN,Southwest Airlines
LAS,TPA,WN,Southwest Airlines
LAS,TUL,WN,Southwest Airlines
LAS,TUS,WN,Southwest Airlines
LAX,ATL,WN,Southwest Airlines
LAX,AUS,WN,Southwest Airlines
LAX,BNA,WN,Southwest Airlines
LAX,ELP,WN,Southwest Airlines
LAX,MCI,WN,Southwest Airlines
LAX,MDW,WN,Southwest Airlines
LAX,MKE,WN,Southwest Airlines
LAX,MSY,WN,Southwest Airlines
LAX,OAK,WN,Southwest Airlines
LAX,PHX,WN,Southwest Airlines
LAX,RNO,WN,Southwest Airlines
LAX,SAT,WN,Southwest Airlines
LAX,SFO,WN,Southwest Airlines
LAX,SJC,WN,Southwest Airlines
LAX,SLC,WN,Southwest Airlines
LAX,SMF,WN,Southwest Airlines
LAX,STL,WN,Southwest Airlines
LAX,TUS,WN,Southwest Airlines
MCI,ATL,WN,Southwest Airlines
MCI,BNA,WN,Southwest Airlines
MCI,BOS,WN,Southwest Airlines
MCI,DCA,WN,Southwest Airlines
MCI,FLL,WN,Southwest Airlines
MCI,IND,WN,Southwest Airlines
MCI,MCO,WN,Southwest Airlines
MCI,MDW,WN,Southwest Airlines
MCI,MKE,WN,Southwest Airlines
MCI,MSP,WN,Southwest Airlines
MCI,MSY,WN,Southwest Airlines
MCI,OAK,WN,Southwest Airlines
MCI,PDX,WN,Southwest Airlines
MCI,PHX,WN,Southwest Airlines
MCI,SAN,WN,Southwest Airlines
MCI,STL,WN,Southwest Airlines
MCI,TPA,WN,Southwest Airlines
MDW,ALB,WN,Southwest Airlines
MDW,ATL,WN,Southwest Airlines
MDW,AUS,WN,Southwest Airlines
MDW,BDL,WN,Southwest Airlines
MDW,BHM,WN,Southwest Airlines
MDW,BKG,WN,Southwest Airlines
MDW,BNA,WN,Southwest Airlines
MDW,BOS,WN,Southwest Airlines
MDW,BUF,WN,Southwest Airlines
MDW,CHS,WN,Southwest Airlines
MDW,CLE,WN,Southwest Airlines
MDW,CLT,WN,Southwest Airlines
MDW,CMH,WN,Southwest Airlines
MDW,DSM,WN,Southwest Airlines
MDW,DTW,WN,Southwest Airlines
MDW,EWR,WN,Southwest Airlines
MDW,FLL,WN,Southwest Airlines
MDW,GSP,WN,Southwest Airlines
MDW,IAD,WN,Southwest Airlines
MDW,ICT,WN,Southwest Airlines
MDW,JAN,WN,Southwest Airlines
MDW,JAX,WN,Southwest Airlines
MDW,LGA,WN,Southwest Airlines
MDW,LIT,WN,Southwest Airlines
MDW,MCO,WN,Southwest Airlines
MDW,MEM,WN,Southwest Airlines
MDW,MHT,WN,Southwest Airlines
MDW,MSP,WN,Southwest Airlines
MDW,MSY,WN,Southwest Airlines
MDW,OAK,WN,Southwest Airlines
MDW,OKC,WN,Southwest Airlines
MDW,OMA,WN,Southwest Airlines
MDW,ONT,WN,Southwest Airlines
MDW,ORF,WN,Southwest Airlines
MDW,PDX,WN,Southwest Airlines
MDW,PHL,WN,Southwest Airlines
MDW,PHX,WN,Southwest Airlines
MDW,PIT,WN,Southwest Airlines
MDW,PVD,WN,Southwest Airlines
MDW,RDU,WN,Southwest Airlines
MDW,RNO,WN,Southwest Airlines
MDW,ROC,WN,Southwest Airlines
MDW,RSW,WN,Southwest Airlines
MDW,SAN,WN,Southwest Airlines
MDW,SAT,WN,Southwest Airlines
MDW,SDF,WN,Southwest Airlines
MDW,SEA,WN,Southwest Airlines
MDW,SFO,WN,Southwest Airlines
MDW,SJC,WN,Southwest Airlines
MDW,SLC,WN,Southwest Airlines
MDW,SMF,WN,Southwest Airlines
MDW,STL,WN,Southwest Airlines
MDW,TPA,WN,Southwest Airlines
MDW,TUL,WN,Southwest Airlines
MDW,TUS,WN,Southwest Airlines
OAK,AUS,WN,Southwest Airlines
OAK,BOI,WN,Southwest Airlines
OAK,BUR,WN,Southwest Airlines
OAK,GEG,WN,Southwest Airlines
OAK,ONT,WN,Southwest Airlines
OAK,PDX,WN,Southwest Airlines
OAK,PHX,WN,Southwest Airlines
OAK,SAN,WN,Southwest Airlines
OAK,SEA,WN,Southwest Airlines
OAK,SLC,WN,Southwest Airlines
OAK,SNA,WN,Southwest Airlines
PDX,PHX,WN,Southwest Airlines
PDX,RNO,WN,Southwest Airlines
PDX,SJC,WN,Southwest Airlines
PDX,SLC,WN,Southwest Airlines
PDX,SMF,WN,Southwest Airlines
PHX,ATL,WN,Southwest Airlines
PHX,AUS,WN,Southwest Airlines
PHX,BNA,WN,Southwest Airlines
PHX,BOI,WN,Southwest Airlines
PHX,BUF,WN,Southwest Airlines
PHX,BUR,WN,Southwest Airlines
PHX,CMH,WN,Southwest Airlines
PHX,DTW,WN,Southwest Airlines
PHX,ELP,WN,Southwest Airlines
PHX,EWR,WN,Southwest Airlines
PHX,FLL,WN,Southwest Airlines
PHX,GEG,WN,Southwest Airlines
PHX,IND,WN,Southwest Airlines
PHX,LIT,WN,Southwest Airlines
PHX,MCO,WN,Southwest Airlines
PHX,MKE,WN,Southwest Airlines
PHX,MSP,WN,Southwest Airlines
PHX,MSY,WN,Southwest Airlines
PHX,OKC,WN,Southwest Airlines
PHX,OMA,WN,Southwest Airlines
PHX,ONT,WN,Southwest Airlines
PHX,PHL,WN,Southwest Airlines
PHX,PIT,WN,Southwest Airlines
PHX,RDU,WN,Southwest Airlines
PHX,RNO,WN,Southwest Airlines
PHX,SAN,WN,Southwest Airlines
PHX,SAT,WN,Southwest Airlines
PHX,SDF,WN,Southwest Airlines
PHX,SEA,WN,Southwest Airlines
PHX,SFO,WN,Southwest Airlines
PHX,SJC,WN,Southwest Airlines
PHX,SLC,WN,Southwest Airlines
PHX,SMF,WN,Southwest Airlines
PHX,SNA,WN,Southwest Airlines
PHX,STL,WN,Southwest Airlines
PHX,TPA,WN,Southwest Airlines
PHX,TUL,WN,Southwest Airlines
SAN,ATL,WN,Southwest Airlines
SAN,AUS,WN,Southwest Airlines
SAN,BNA,WN,Southwest Airlines
SAN,MSY,WN,Southwest Airlines
SAN,RNO,WN,Southwest Airlines
SAN,SAT,WN,Southwest Airlines
SAN,SFO,WN,Southwest Airlines
SAN,SJC,WN,Southwest Airlines
SAN,SMF,WN,Southwest Airlines
SAN,STL,WN,Southwest Airlines
SAN,TUS,WN,Southwest Airlines
SEA,MKE,WN,Southwest Airlines
SEA,RNO,WN,Southwest Airlines
SEA,SJC,WN,Southwest Airlines
SEA,SLC,WN,Southwest Airlines
SEA,SMF,WN,Southwest Airlines
ALB,FLL,WN,Southwest Airlines
ALB,MCO,WN,Southwest Airlines
ALB,TPA,WN,Southwest Airlines
FLL,ATL,WN,Southwest Airlines
FLL,AUS,WN,Southwest Airlines
FLL,BDL,WN,Southwest Airlines
FLL,BNA,WN,Southwest Airlines
FLL,BUF,WN,Southwest Airlines
FLL,CMH,WN,Southwest Airlines
FLL,IND,WN,Southwest Airlines
FLL,ISP,WN,Southwest Airlines
FLL,JAX,WN,Southwest Airlines
FLL,MKE,WN,Southwest Airlines
FLL,MSY,WN,Southwest Airlines
FLL,PHL,WN,Southwest Airlines
FLL,PIT,WN,Southwest Airlines
FLL,PVD,WN,Southwest Airlines
FLL,RDU,WN,Southwest Airlines
FLL,SJU,WN,Southwest Airlines
FLL,STL,WN,Southwest Airlines
FLL,TPA,WN,Southwest Airlines
MCO,ATL,WN,Southwest Airlines
MCO,AUS,WN,Southwest Airlines
MCO,BDL,WN,Southwest Airlines
MCO,BHM,WN,Southwest Airlines
MCO,BNA,WN,Southwest Airlines
MCO,BOS,WN,Southwest Airlines
MCO,BUF,WN,Southwest Airlines
MCO,CAK,WN,Southwest Airlines
MCO,CLT,WN,Southwest Airlines
MCO,CMH,WN,Southwest Airlines
MCO,DAY,WN,Southwest Airlines
MCO,EYW,WN,Southwest Airlines
MCO,FNT,WN,Southwest Airlines
MCO,GRR,WN,Southwest Airlines
MCO,IND,WN,Southwest Airlines
MCO,ISP,WN,Southwest Airlines
MCO,JAN,WN,Southwest Airlines
MCO,MEM,WN,Southwest Airlines
MCO,MHT,WN,Southwest Airlines
MCO,MKE,WN,Southwest Airlines
MCO,MSP,WN,Southwest Airlines
MCO,MSY,WN,Southwest Airlines
MCO,ORF,WN,Southwest Airlines
MCO,PHL,WN,Southwest Airlines
MCO,PIT,WN,Southwest Airlines
MCO,PVD,WN,Southwest Airlines
MCO,RDU,WN,Southwest Airlines
MCO,RIC,WN,Southwest Airlines
MCO,ROC,WN,Southwest Airlines
MCO,SAT,WN,Southwest Airlines
MCO,SDF,WN,Southwest Airlines
MCO,SJU,WN,Southwest Airlines
MCO,STL,WN,Southwest Airlines
TPA,ATL,WN,Southwest Airlines
TPA,AUS,WN,Southwest Airlines
TPA,BDL,WN,Southwest Airlines
TPA,BHM,WN,Southwest Airlines
TPA,BNA,WN,Southwest Airlines
TPA,BUF,WN,Southwest Airlines
TPA,CAK,WN,Southwest Airlines
TPA,CMH,WN,Southwest Airlines
TPA,DAY,WN,Southwest Airlines
TPA,EYW,WN,Southwest Airlines
TPA,FNT,WN,Southwest Airlines
TPA,GRR,WN,Southwest Airlines
TPA,IND,WN,Southwest Airlines
TPA,ISP,WN,Southwest Airlines
TPA,MEM,WN,Southwest Airlines
TPA,MHT,WN,Southwest Airlines
TPA,MKE,WN,Southwest Airlines
TPA,MSY,WN,Southwest Airlines
TPA,PHL,WN,Southwest Airlines
TPA,PIT,WN,Southwest Airlines
TPA,PVD,WN,Southwest Airlines
TPA,RDU,WN,Southwest Airlines
TPA,ROC,WN,Southwest Airlines
TPA,SAT,WN,Southwest Airlines
TPA,SDF,WN,Southwest Airlines
TPA,SJU,WN,Southwest Airlines
TPA,STL,WN,Southwest Airlines
ATL,AUA,WN,Southwest Airlines
ATL,AUS,WN,Southwest Airlines
ATL,BDL,WN,Southwest Airlines
ATL,BOS,WN,Southwest Airlines
ATL,CAK,WN,Southwest Airlines
ATL,CHS,WN,Southwest Airlines
ATL,CMH,WN,Southwest Airlines
ATL,CUN,WN,Southwest Airlines
ATL,DAY,WN,Southwest Airlines
ATL,DCA,WN,Southwest Airlines
ATL,DTW,WN,Southwest Airlines
ATL,IND,WN,Southwest Airlines
ATL,JAX,WN,Southwest Airlines
ATL,LGA,WN,Southwest Airlines
ATL,MBJ,WN,Southwest Airlines
ATL,MKE,WN,Southwest Airlines
ATL,MSP,WN,Southwest Airlines
ATL,MSY,WN,Southwest Airlines
ATL,NAS,WN,Southwest Airlines
ATL,OKC,WN,Southwest Airlines
ATL,ORF,WN,Southwest Airlines
ATL,PBI,WN,Southwest Airlines
ATL,PHL,WN,Southwest Airlines
ATL,PIT,WN,Southwest Airlines
ATL,PUJ,WN,Southwest Airlines
ATL,RDU,WN,Southwest Airlines
ATL,RIC,WN,Southwest Airlines
ATL,RSW,WN,Southwest Airlines
ATL,SAT,WN,Southwest Airlines
ATL,SDF,WN,Southwest Airlines
ATL,SFO,WN,Southwest Airlines
ATL,SJU,WN,Southwest Airlines
ATL,STL,WN,Southwest Airlines
AUS,BNA,WN,Southwest Airlines
AUS,DCA,WN,Southwest Airlines
AUS,ELP,WN,Southwest Airlines
AUS,EWR,WN,Southwest Airlines
AUS,HRL,WN,Southwest Airlines
AUS,LBB,WN,Southwest Airlines
AUS,MSY,WN,Southwest Airlines
AUS,SJC,WN,Southwest Airlines
BDL,RSW,WN,Southwest Airlines
BOS,BNA,WN,Southwest Airlines
BOS,CAK,WN,Southwest Airlines
BOS,MKE,WN,Southwest Airlines
BOS,STL,WN,Southwest Airlines
CAK,LGA,WN,Southwest Airlines
CHS,BNA,WN,Southwest Airlines
CMH,BNA,WN,Southwest Airlines
CMH,RSW,WN,Southwest Airlines
CMH,STL,WN,Southwest Airlines
DCA,MKE,WN,Southwest Airlines
DCA,RSW,WN,Southwest Airlines
DCA,STL,WN,Southwest Airlines
DTW,BNA,WN,Southwest Airlines
DTW,STL,WN,Southwest Airlines
IND,RSW,WN,Southwest Airlines
JAX,BNA,WN,Southwest Airlines
LGA,BNA,WN,Southwest Airlines
LGA,MKE,WN,Southwest Airlines
LGA,STL,WN,Southwest Airlines
MKE,MSP,WN,Southwest Airlines
MKE,MSY,WN,Southwest Airlines
MKE,RSW,WN,Southwest Airlines
MKE,SFO,WN,Southwest Airlines
MKE,STL,WN,Southwest Airlines
MSP,STL,WN,Southwest Airlines
MSY,BNA,WN,Southwest Airlines
MSY,EWR,WN,Southwest Airlines
MSY,EYW,WN,Southwest Airlines
MSY,STL,WN,Southwest Airlines
OKC,STL,WN,Southwest Airlines
PBI,ISP,WN,Southwest Airlines
PHL,BNA,WN,Southwest Airlines
PHL,RSW,WN,Southwest Airlines
PHL,STL,WN,Southwest Airlines
PIT,BNA,WN,Southwest Airlines
PIT,DFW,WN,Southwest Airlines
PIT,RSW,WN,Southwest Airlines
RDU,BNA,WN,Southwest Airlines
RDU,STL,WN,Southwest Airlines
RSW,DFW,WN,Southwest Airlines
RSW,PVD,WN,Southwest Airlines
RSW,STL,WN,Southwest Airlines
SAT,BNA,WN,Southwest Airlines
SAT,ELP,WN,Southwest Airlines
SAT,HRL,WN,Southwest Airlines
SAT,STL,WN,Southwest Airlines
SFO,SNA,WN,Southwest Airlines
STL,BNA,WN,Southwest Airlines
STL,ECP,WN,Southwest Airlines
STL,EWR,WN,Southwest Airlines
STL,GRR,WN,Southwest Airlines
STL,OMA,WN,Southwest Airlines
STL,TUL,WN,Southwest Airlines
BNA,CLE,WN,Southwest Airlines
BNA,ECP,WN,Southwest Airlines
BNA,EWR,WN,Southwest Airlines
BNA,GSP,WN,Southwest Airlines
BNA,PNS,WN,Southwest Airlines
SJC,BUR,WN,Southwest Airlines
SJC,ONT,WN,Southwest Airlines
SJC,SNA,WN,Southwest Airlines
BOI,GEG,WN,Southwest Airlines
BUR,SMF,WN,Southwest Airlines
SMF,ONT,WN,Southwest Airlines
SMF,SNA,WN,Southwest Airlines
