BNE,HNL,HA,Hawaiian Airlines
HNL,CTS,HA,Hawaiian Airlines
HNL,FUK,HA,Hawaiian Airlines
HNL,HND,HA,Hawaiian Airlines
HNL,AKL,HA,Hawaiian Airlines
HNL,ICN,HA,Hawaiian Airlines
HNL,ITO,HA,Hawaiian Airlines
HNL,JFK,HA,Hawaiian Airlines
HNL,KIX,HA,Hawaiian Airlines
HNL,KOA,HA,Hawaiian Airlines
HNL,LAS,HA,Hawaiian Airlines
HNL,LAX,HA,Hawaiian Airlines
HNL,LIH,HA,Hawaiian Airlines
HNL,LNY,HA,Hawaiian Airlines
HNL,MKK,HA,Hawaiian Airlines
HNL,OAK,HA,Hawaiian Airlines
HNL,OGG,HA,Hawaiian Airlines
HNL,PDX,HA,Hawaiian Airlines
HNL,PEK,HA,Hawaiian Airlines
HNL,PHX,HA,Hawaiian Airlines
HNL,PPG,HA,Hawaiian Airlines
HNL,PPT,HA,Hawaiian Airlines
HNL,SAN,HA,Hawaiian Airlines
HNL,SDJ,HA,Hawaiian Airlines
HNL,SEA,HA,Hawaiian Airlines
HNL,SFO,HA,Hawaiian Airlines
HNL,SMF,HA,Hawaiian Airlines
HNL,SYD,HA,Hawaiian Airlines
HNL,TPE,HA,Hawaiian Airlines
CTS,SDJ,HA,Hawaiian Airlines
ITO,OGG,HA,Hawaiian Airlines
JFK,LAS,HA,Hawaiian Airlines
KOA,OGG,HA,Hawaiian Airlines
LAS,SFO,HA,Hawaiian Airlines
LAX,OGG,HA,Hawaiian Airlines
LIH,OGG,HA,Hawaiian Airlines
OAK,OGG,HA,Hawaiian Airlines
OGG,SEA,HA,Hawaiian Airlines
OGG,SJC,HA,Hawaiian Airlines
