ACY,BOS,NK,Spirit Airlines
ACY,DTW,NK,Spirit Airlines
ACY,FLL,NK,Spirit Airlines
ACY,MCO,NK,Spirit Airlines
ACY,MYR,NK,Spirit Airlines
ACY,ORD,NK,Spirit Airlines
ACY,RSW,NK,Spirit Airlines
ACY,TPA,NK,Spirit Airlines
BOS,DFW,NK,Spirit Airlines
BOS,FLL,NK,Spirit Airlines
BOS,MYR,NK,Spirit Airlines
BOS,ORD,NK,Spirit Airlines
DTW,CUN,NK,Spirit Airlines
DTW,DEN,NK,Spirit Airlines
DTW,DFW,NK,Spirit Airlines
DTW,FLL,NK,Spirit Airlines
DTW,IAH,NK,Spirit Airlines
DTW,LAS,NK,Spirit Airlines
DTW,LAX,NK,Spirit Airlines
DTW,LGA,NK,Spirit Airlines
DTW,MCO,NK,Spirit Airlines
DTW,MYR,NK,Spirit Airlines
DTW,RSW,NK,Spirit Airlines
DTW,TPA,NK,Spirit Airlines
FLL,ATL,NK,Spirit Airlines
FLL,AUA,NK,Spirit Airlines
FLL,AXM,NK,Spirit Airlines
FLL,BOG,NK,Spirit Airlines
FLL,BQN,NK,Spirit Airlines
FLL,BWI,NK,Spirit Airlines
FLL,CTG,NK,Spirit Airlines
FLL,CUN,NK,Spirit Airlines
FLL,DEN,NK,Spirit Airlines
FLL,DFW,NK,Spirit Airlines
FLL,GUA,NK,Spirit Airlines
FLL,IAG,NK,Spirit Airlines
FLL,KIN,NK,Spirit Airlines
FLL,LAS,NK,Spirit Airlines
FLL,LAX,NK,Spirit Airlines
FLL,LBE,NK,Spirit Airlines
FLL,LGA,NK,Spirit Airlines
FLL,LIM,NK,Spirit Airlines
FLL,MBJ,NK,Spirit Airlines
FLL,MCO,NK,Spirit Airlines
FLL,MDE,NK,Spirit Airlines
FLL,MGA,NK,Spirit Airlines
FLL,MYR,NK,Spirit Airlines
FLL,ORD,NK,Spirit Airlines
FLL,PAP,NK,Spirit Airlines
FLL,PBG,NK,Spirit Airlines
FLL,PTY,NK,Spirit Airlines
FLL,PUJ,NK,Spirit Airlines
FLL,SAL,NK,Spirit Airlines
FLL,SAP,NK,Spirit Airlines
FLL,SDQ,NK,Spirit Airlines
FLL,SJO,NK,Spirit Airlines
FLL,SJU,NK,Spirit Airlines
FLL,STI,NK,Spirit Airlines
FLL,STT,NK,Spirit Airlines
FLL,SXM,NK,Spirit Airlines
FLL,TLC,NK,Spirit Airlines
FLL,TPA,NK,Spirit Airlines
FLL,ZSA,NK,Spirit Airlines
MCO,DFW,NK,Spirit Airlines
MCO,IAH,NK,Spirit Airlines
MCO,LBE,NK,Spirit Airlines
MCO,ORD,NK,Spirit Airlines
MCO,SJU,NK,Spirit Airlines
MYR,BWI,NK,Spirit Airlines
MYR,CRW,NK,Spirit Airlines
MYR,DFW,NK,Spirit Airlines
MYR,IAG,NK,Spirit Airlines
MYR,LBE,NK,Spirit Airlines
MYR,LGA,NK,Spirit Airlines
MYR,ORD,NK,Spirit Airlines
MYR,PBG,NK,Spirit Airlines
MYR,PHL,NK,Spirit Airlines
ORD,DEN,NK,Spirit Airlines
ORD,DFW,NK,Spirit Airlines
ORD,IAH,NK,Spirit Airlines
ORD,LAS,NK,Spirit Airlines
ORD,LAX,NK,Spirit Airlines
ORD,LGA,NK,Spirit Airlines
ORD,MSP,NK,Spirit Airlines
ORD,OAK,NK,Spirit Airlines
ORD,RSW,NK,Spirit Airlines
ORD,TPA,NK,Spirit Airlines
TPA,DFW,NK,Spirit Airlines
ATL,DFW,NK,Spirit Airlines
DFW,BWI,NK,Spirit Airlines
DFW,CUN,NK,Spirit Airlines
DFW,DEN,NK,Spirit Airlines
DFW,LAS,NK,Spirit Airlines
DFW,LAX,NK,Spirit Airlines
DFW,LGA,NK,Spirit Airlines
DFW,MSP,NK,Spirit Airlines
DFW,MSY,NK,Spirit Airlines
DFW,OAK,NK,Spirit Airlines
DFW,PDX,NK,Spirit Airlines
DFW,PHL,NK,Spirit Airlines
DFW,PHX,NK,Spirit Airlines
DFW,SAN,NK,Spirit Airlines
DFW,SJD,NK,Spirit Airlines
BWI,LAS,NK,Spirit Airlines
BWI,MSP,NK,Spirit Airlines
LAS,DEN,NK,Spirit Airlines
LAS,IAH,NK,Spirit Airlines
LAS,LAX,NK,Spirit Airlines
LAS,MSP,NK,Spirit Airlines
LAS,OAK,NK,Spirit Airlines
LAS,PDX,NK,Spirit Airlines
LAS,PHL,NK,Spirit Airlines
LAS,SAN,NK,Spirit Airlines
MSP,DEN,NK,Spirit Airlines
MSP,IAH,NK,Spirit Airlines
MSP,LAX,NK,Spirit Airlines
DEN,IAH,NK,Spirit Airlines
DEN,PHX,NK,Spirit Airlines
IAH,LAX,NK,Spirit Airlines
PDX,SAN,NK,Spirit Airlines
SAN,SJD,NK,Spirit Airlines
