ACE,FUE,HQ,HQ- Business Express
ACE,BRU,HQ,HQ- Business Express
FUE,BRU,HQ,HQ- Business Express
FUE,TFS,HQ,HQ- Business Express
FUE,LIL,HQ,HQ- Business Express
AGA,BRU,HQ,HQ- Business Express
AGA,LIL,HQ,HQ- Business Express
AGA,LGG,HQ,HQ- Business Express
BRU,AGP,HQ,HQ- Business Express
BRU,AYT,HQ,HQ- Business Express
BRU,BOJ,HQ,HQ- Business Express
BRU,CFU,HQ,HQ- Business Express
BRU,CHQ,HQ,HQ- Business Express
BRU,DBV,HQ,HQ- Business Express
BRU,FNC,HQ,HQ- Business Express
BRU,HER,HQ,HQ- Business Express
BRU,IBZ,HQ,HQ- Business Express
BRU,JMK,HQ,HQ- Business Express
BRU,KGS,HQ,HQ- Business Express
BRU,LDE,HQ,HQ- Business Express
BRU,LEI,HQ,HQ- Business Express
BRU,LPA,HQ,HQ- Business Express
BRU,MAH,HQ,HQ- Business Express
BRU,NBE,HQ,HQ- Business Express
BRU,PFO,HQ,HQ- Business Express
BRU,PMI,HQ,HQ- Business Express
BRU,RAK,HQ,HQ- Business Express
BRU,REU,HQ,HQ- Business Express
BRU,RHO,HQ,HQ- Business Express
BRU,TFS,HQ,HQ- Business Express
BRU,TIV,HQ,HQ- Business Express
BRU,VAR,HQ,HQ- Business Express
BRU,ZTH,HQ,HQ- Business Express
BRU,GRO,HQ,HQ- Business Express
BRU,JTR,HQ,HQ- Business Express
LIL,AGP,HQ,HQ- Business Express
LIL,AJA,HQ,HQ- Business Express
LIL,CFU,HQ,HQ- Business Express
LIL,DBV,HQ,HQ- Business Express
LIL,HER,HQ,HQ- Business Express
LIL,LGG,HQ,HQ- Business Express
LIL,FAO,HQ,HQ- Business Express
LIL,RHO,HQ,HQ- Business Express
LIL,SPU,HQ,HQ- Business Express
LIL,TFS,HQ,HQ- Business Express
AGP,FAO,HQ,HQ- Business Express
HER,LGG,HQ,HQ- Business Express
IBZ,MAH,HQ,HQ- Business Express
JMK,JTR,HQ,HQ- Business Express
MAH,GRO,HQ,HQ- Business Express
PMI,LGG,HQ,HQ- Business Express
PMI,OST,HQ,HQ- Business Express
RHO,LGG,HQ,HQ- Business Express
LGG,OST,HQ,HQ- Business Express
