BKY,KND,BU,Blue Sky America
BKY,KOO,BU,Blue Sky America
BKY,GOM,BU,Blue Sky America
KND,FIH,BU,Blue Sky America
KOO,FMI,BU,Blue Sky America
BNB,MDK,BU,Blue Sky America
BNB,FIH,BU,Blue Sky America
MDK,FIH,BU,Blue Sky America
MDK,GMA,BU,Blue Sky America
BNC,BUX,BU,Blue Sky America
BNC,GOM,BU,Blue Sky America
BUX,GOM,BU,Blue Sky America
BUX,IRP,BU,Blue Sky America
GOM,FKI,BU,Blue Sky America
IRP,FKI,BU,Blue Sky America
FBM,FIH,BU,Blue Sky America
FBM,JNB,BU,Blue Sky America
FBM,KGA,BU,Blue Sky America
FBM,MJM,BU,Blue Sky America
FIH,FKI,BU,Blue Sky America
FIH,KGA,BU,Blue Sky America
FIH,MJM,BU,Blue Sky America
FIH,TSH,BU,Blue Sky America
FIH,LJA,BU,Blue Sky America
KGA,TSH,BU,Blue Sky America
