AET,BTT,8V,Wright Air Service
AET,FAI,8V,Wright Air Service
AET,HUS,8V,Wright Air Service
BTT,AKP,8V,Wright Air Service
BTT,FAI,8V,Wright Air Service
FAI,AKP,8V,Wright Air Service
FAI,FYU,8V,Wright Air Service
FAI,GAL,8V,Wright Air Service
FAI,KBC,8V,Wright Air Service
FAI,LMA,8V,Wright Air Service
FAI,RBY,8V,Wright Air Service
FAI,TAL,8V,Wright Air Service
FAI,HUS,8V,Wright Air Service
FAI,KYU,8V,Wright Air Service
HUS,HSL,8V,Wright Air Service
HUS,TAL,8V,Wright Air Service
ARC,VEE,8V,Wright Air Service
VEE,FYU,8V,Wright Air Service
FYU,KBC,8V,Wright Air Service
GAL,KAL,8V,Wright Air Service
GAL,NUL,8V,Wright Air Service
RBY,HSL,8V,Wright Air Service
RBY,TAL,8V,Wright Air Service
TAL,HSL,8V,Wright Air Service
KAL,HSL,8V,Wright Air Service
NUL,KYU,8V,Wright Air Service
