ABZ,LGW,U2,United Feeder Service
ABZ,LTN,U2,United Feeder Service
LGW,ACE,U2,United Feeder Service
LGW,ADB,U2,United Feeder Service
LGW,AGA,U2,United Feeder Service
LGW,AGP,U2,United Feeder Service
LGW,AJA,U2,United Feeder Service
LGW,ALC,U2,United Feeder Service
LGW,AMS,U2,United Feeder Service
LGW,ATH,U2,United Feeder Service
LGW,AYT,U2,United Feeder Service
LGW,BCN,U2,United Feeder Service
LGW,BFS,U2,United Feeder Service
LGW,BGO,U2,United Feeder Service
LGW,BIA,U2,United Feeder Service
LGW,BJV,U2,United Feeder Service
LGW,BLQ,U2,United Feeder Service
LGW,BOD,U2,United Feeder Service
LGW,BRI,U2,United Feeder Service
LGW,BRU,U2,United Feeder Service
LGW,BSL,U2,United Feeder Service
LGW,BUD,U2,United Feeder Service
LGW,CDG,U2,United Feeder Service
LGW,CFU,U2,United Feeder Service
LGW,CGN,U2,United Feeder Service
LGW,CHQ,U2,United Feeder Service
LGW,CPH,U2,United Feeder Service
LGW,CTA,U2,United Feeder Service
LGW,DBV,U2,United Feeder Service
LGW,DLM,U2,United Feeder Service
LGW,DME,U2,United Feeder Service
LGW,DUS,U2,United Feeder Service
LGW,EDI,U2,United Feeder Service
LGW,EFL,U2,United Feeder Service
LGW,FAO,U2,United Feeder Service
LGW,FCO,U2,United Feeder Service
LGW,FNC,U2,United Feeder Service
LGW,FUE,U2,United Feeder Service
LGW,GIB,U2,United Feeder Service
LGW,GLA,U2,United Feeder Service
LGW,GVA,U2,United Feeder Service
LGW,HAM,U2,United Feeder Service
LGW,HER,U2,United Feeder Service
LGW,HRG,U2,United Feeder Service
LGW,IBZ,U2,United Feeder Service
LGW,INN,U2,United Feeder Service
LGW,INV,U2,United Feeder Service
LGW,IOM,U2,United Feeder Service
LGW,JER,U2,United Feeder Service
LGW,JMK,U2,United Feeder Service
LGW,JTR,U2,United Feeder Service
LGW,KGS,U2,United Feeder Service
LGW,KLX,U2,United Feeder Service
LGW,KRK,U2,United Feeder Service
LGW,LCA,U2,United Feeder Service
LGW,LEI,U2,United Feeder Service
LGW,LIN,U2,United Feeder Service
LGW,LIS,U2,United Feeder Service
LGW,LPA,U2,United Feeder Service
LGW,LUX,U2,United Feeder Service
LGW,LYS,U2,United Feeder Service
LGW,MAD,U2,United Feeder Service
LGW,MAH,U2,United Feeder Service
LGW,MJV,U2,United Feeder Service
LGW,MLA,U2,United Feeder Service
LGW,MPL,U2,United Feeder Service
LGW,MRS,U2,United Feeder Service
LGW,MUC,U2,United Feeder Service
LGW,MXP,U2,United Feeder Service
LGW,NAP,U2,United Feeder Service
LGW,NCE,U2,United Feeder Service
LGW,NCL,U2,United Feeder Service
LGW,NTE,U2,United Feeder Service
LGW,OLB,U2,United Feeder Service
LGW,OPO,U2,United Feeder Service
LGW,OTP,U2,United Feeder Service
LGW,PFO,U2,United Feeder Service
LGW,PMI,U2,United Feeder Service
LGW,PMO,U2,United Feeder Service
LGW,PRG,U2,United Feeder Service
LGW,PSA,U2,United Feeder Service
LGW,RAK,U2,United Feeder Service
LGW,RHO,U2,United Feeder Service
LGW,SCQ,U2,United Feeder Service
LGW,SKG,U2,United Feeder Service
LGW,SOF,U2,United Feeder Service
LGW,SPU,U2,United Feeder Service
LGW,SSH,U2,United Feeder Service
LGW,SVQ,U2,United Feeder Service
LGW,SXB,U2,United Feeder Service
LGW,SXF,U2,United Feeder Service
LGW,TFS,U2,United Feeder Service
LGW,TLL,U2,United Feeder Service
LGW,TLS,U2,United Feeder Service
LGW,TLV,U2,United Feeder Service
LGW,VCE,U2,United Feeder Service
LGW,VIE,U2,United Feeder Service
LGW,VLC,U2,United Feeder Service
LGW,VRN,U2,United Feeder Service
LGW,ZAG,U2,United Feeder Service
LGW,ZRH,U2,United Feeder Service
LGW,ZTH,U2,United Feeder Service
LTN,AGP,U2,United Feeder Service
LTN,ALC,U2,United Feeder Service
LTN,AMS,U2,United Feeder Service
LTN,BCN,U2,United Feeder Service
LTN,BFS,U2,United Feeder Service
LTN,BOD,U2,United Feeder Service
LTN,BUD,U2,United Feeder Service
LTN,CDG,U2,United Feeder Service
LTN,CFU,U2,United Feeder Service
LTN,CTA,U2,United Feeder Service
LTN,DTM,U2,United Feeder Service
LTN,EDI,U2,United Feeder Service
LTN,FAO,U2,United Feeder Service
LTN,GLA,U2,United Feeder Service
LTN,GVA,U2,United Feeder Service
LTN,HAM,U2,United Feeder Service
LTN,HER,U2,United Feeder Service
LTN,IBZ,U2,United Feeder Service
LTN,INV,U2,United Feeder Service
LTN,KEF,U2,United Feeder Service
LTN,LIS,U2,United Feeder Service
LTN,MAD,U2,United Feeder Service
LTN,MPL,U2,United Feeder Service
LTN,MXP,U2,United Feeder Service
LTN,NCE,U2,United Feeder Service
LTN,PFO,U2,United Feeder Service
LTN,PMI,U2,United Feeder Service
LTN,PSA,U2,United Feeder Service
LTN,SSH,U2,United Feeder Service
LTN,SXF,U2,United Feeder Service
LTN,TLV,U2,United Feeder Service
LTN,VCE,U2,United Feeder Service
LTN,ZRH,U2,United Feeder Service
ACE,LPL,U2,United Feeder Service
LPL,AGP,U2,United Feeder Service
LPL,ALC,U2,United Feeder Service
LPL,AMS,U2,United Feeder Service
LPL,BCN,U2,United Feeder Service
LPL,BFS,U2,United Feeder Service
LPL,BJV,U2,United Feeder Service
LPL,CDG,U2,United Feeder Service
LPL,FAO,U2,United Feeder Service
LPL,FUE,U2,United Feeder Service
LPL,GVA,U2,United Feeder Service
LPL,IOM,U2,United Feeder Service
LPL,JER,U2,United Feeder Service
LPL,KRK,U2,United Feeder Service
LPL,LCA,U2,United Feeder Service
LPL,LIS,U2,United Feeder Service
LPL,MAD,U2,United Feeder Service
LPL,NAP,U2,United Feeder Service
LPL,NCE,U2,United Feeder Service
LPL,PMI,U2,United Feeder Service
LPL,RHO,U2,United Feeder Service
LPL,SXF,U2,United Feeder Service
AGA,CDG,U2,United Feeder Service
AGA,LYS,U2,United Feeder Service
AGA,SXF,U2,United Feeder Service
CDG,AGP,U2,United Feeder Service
CDG,AJA,U2,United Feeder Service
CDG,BCN,U2,United Feeder Service
CDG,BFS,U2,United Feeder Service
CDG,BIA,U2,United Feeder Service
CDG,BIQ,U2,United Feeder Service
CDG,BLQ,U2,United Feeder Service
CDG,BRI,U2,United Feeder Service
CDG,BRS,U2,United Feeder Service
CDG,BUD,U2,United Feeder Service
CDG,CMN,U2,United Feeder Service
CDG,CPH,U2,United Feeder Service
CDG,CTA,U2,United Feeder Service
CDG,EDI,U2,United Feeder Service
CDG,GLA,U2,United Feeder Service
CDG,KRK,U2,United Feeder Service
CDG,LIS,U2,United Feeder Service
CDG,MAD,U2,United Feeder Service
CDG,MXP,U2,United Feeder Service
CDG,NAP,U2,United Feeder Service
CDG,NCE,U2,United Feeder Service
CDG,OPO,U2,United Feeder Service
CDG,PRG,U2,United Feeder Service
CDG,RAK,U2,United Feeder Service
CDG,TFS,U2,United Feeder Service
CDG,TLS,U2,United Feeder Service
CDG,VCE,U2,United Feeder Service
LYS,AJA,U2,United Feeder Service
LYS,BCN,U2,United Feeder Service
LYS,BES,U2,United Feeder Service
LYS,BIA,U2,United Feeder Service
LYS,BOD,U2,United Feeder Service
LYS,BRU,U2,United Feeder Service
LYS,CMN,U2,United Feeder Service
LYS,EDI,U2,United Feeder Service
LYS,FCO,U2,United Feeder Service
LYS,LIS,U2,United Feeder Service
LYS,MAD,U2,United Feeder Service
LYS,NCE,U2,United Feeder Service
LYS,NTE,U2,United Feeder Service
LYS,OPO,U2,United Feeder Service
LYS,RAK,U2,United Feeder Service
LYS,STN,U2,United Feeder Service
LYS,SXF,U2,United Feeder Service
LYS,TLS,U2,United Feeder Service
LYS,VCE,U2,United Feeder Service
SXF,AGP,U2,United Feeder Service
SXF,AMS,U2,United Feeder Service
SXF,ATH,U2,United Feeder Service
SXF,BCN,U2,United Feeder Service
SXF,BRS,U2,United Feeder Service
SXF,BRU,U2,United Feeder Service
SXF,BSL,U2,United Feeder Service
SXF,BUD,U2,United Feeder Service
SXF,CAG,U2,United Feeder Service
SXF,CPH,U2,United Feeder Service
SXF,EDI,U2,United Feeder Service
SXF,FCO,U2,United Feeder Service
SXF,GLA,U2,United Feeder Service
SXF,GVA,U2,United Feeder Service
SXF,HER,U2,United Feeder Service
SXF,LIS,U2,United Feeder Service
SXF,MAD,U2,United Feeder Service
SXF,MAN,U2,United Feeder Service
SXF,MXP,U2,United Feeder Service
SXF,NAP,U2,United Feeder Service
SXF,NCE,U2,United Feeder Service
SXF,OLB,U2,United Feeder Service
SXF,ORY,U2,United Feeder Service
SXF,PMI,U2,United Feeder Service
SXF,PSA,U2,United Feeder Service
SXF,RAK,U2,United Feeder Service
SXF,SEN,U2,United Feeder Service
SXF,SKG,U2,United Feeder Service
SXF,SOF,U2,United Feeder Service
SXF,SZG,U2,United Feeder Service
SXF,TFS,U2,United Feeder Service
SXF,TLV,U2,United Feeder Service
SXF,VCE,U2,United Feeder Service
AGP,BFS,U2,United Feeder Service
AGP,BRS,U2,United Feeder Service
AGP,BSL,U2,United Feeder Service
AGP,GLA,U2,United Feeder Service
AGP,GVA,U2,United Feeder Service
AGP,MAN,U2,United Feeder Service
AGP,MXP,U2,United Feeder Service
AGP,NCL,U2,United Feeder Service
AGP,SEN,U2,United Feeder Service
AGP,STN,U2,United Feeder Service
BFS,ALC,U2,United Feeder Service
BFS,AMS,U2,United Feeder Service
BFS,BCN,U2,United Feeder Service
BFS,BHX,U2,United Feeder Service
BFS,BRS,U2,United Feeder Service
BFS,EDI,U2,United Feeder Service
BFS,FAO,U2,United Feeder Service
BFS,GLA,U2,United Feeder Service
BFS,KRK,U2,United Feeder Service
BFS,MAN,U2,United Feeder Service
BFS,MLA,U2,United Feeder Service
BFS,NCE,U2,United Feeder Service
BFS,NCL,U2,United Feeder Service
BFS,PMI,U2,United Feeder Service
BFS,STN,U2,United Feeder Service
BRS,ALC,U2,United Feeder Service
BRS,AMS,U2,United Feeder Service
BRS,BCN,U2,United Feeder Service
BRS,BJV,U2,United Feeder Service
BRS,BOD,U2,United Feeder Service
BRS,CFU,U2,United Feeder Service
BRS,CPH,U2,United Feeder Service
BRS,DLM,U2,United Feeder Service
BRS,EDI,U2,United Feeder Service
BRS,FAO,U2,United Feeder Service
BRS,FCO,U2,United Feeder Service
BRS,FNC,U2,United Feeder Service
BRS,FUE,U2,United Feeder Service
BRS,GLA,U2,United Feeder Service
BRS,GVA,U2,United Feeder Service
BRS,HER,U2,United Feeder Service
BRS,INV,U2,United Feeder Service
BRS,KEF,U2,United Feeder Service
BRS,KRK,U2,United Feeder Service
BRS,LIS,U2,United Feeder Service
BRS,MAD,U2,United Feeder Service
BRS,MJV,U2,United Feeder Service
BRS,NCE,U2,United Feeder Service
BRS,NCL,U2,United Feeder Service
BRS,PFO,U2,United Feeder Service
BRS,PMI,U2,United Feeder Service
BRS,PRG,U2,United Feeder Service
BRS,PSA,U2,United Feeder Service
BRS,RAK,U2,United Feeder Service
BRS,TFS,U2,United Feeder Service
BRS,TLS,U2,United Feeder Service
BSL,AJA,U2,United Feeder Service
BSL,ALC,U2,United Feeder Service
BSL,AMS,U2,United Feeder Service
BSL,AYT,U2,United Feeder Service
BSL,BCN,U2,United Feeder Service
BSL,BDS,U2,United Feeder Service
BSL,BOD,U2,United Feeder Service
BSL,BRU,U2,United Feeder Service
BSL,BUD,U2,United Feeder Service
BSL,CAG,U2,United Feeder Service
BSL,CPH,U2,United Feeder Service
BSL,CTA,U2,United Feeder Service
BSL,DRS,U2,United Feeder Service
BSL,EDI,U2,United Feeder Service
BSL,FAO,U2,United Feeder Service
BSL,FCO,U2,United Feeder Service
BSL,FUE,U2,United Feeder Service
BSL,HAM,U2,United Feeder Service
BSL,KEF,U2,United Feeder Service
BSL,KRK,U2,United Feeder Service
BSL,LCA,U2,United Feeder Service
BSL,LIS,U2,United Feeder Service
BSL,LPA,U2,United Feeder Service
BSL,MAD,U2,United Feeder Service
BSL,MAN,U2,United Feeder Service
BSL,MPL,U2,United Feeder Service
BSL,NAP,U2,United Feeder Service
BSL,NCE,U2,United Feeder Service
BSL,NTE,U2,United Feeder Service
BSL,OLB,U2,United Feeder Service
BSL,OPO,U2,United Feeder Service
BSL,PMI,U2,United Feeder Service
BSL,PRN,U2,United Feeder Service
BSL,RAK,U2,United Feeder Service
BSL,SCQ,U2,United Feeder Service
BSL,SKG,U2,United Feeder Service
BSL,SPU,U2,United Feeder Service
BSL,SVQ,U2,United Feeder Service
BSL,TFS,U2,United Feeder Service
BSL,TLS,U2,United Feeder Service
BSL,TLV,U2,United Feeder Service
BSL,VCE,U2,United Feeder Service
GLA,ALC,U2,United Feeder Service
GLA,AMS,U2,United Feeder Service
GLA,FAO,U2,United Feeder Service
GLA,JER,U2,United Feeder Service
GLA,KGS,U2,United Feeder Service
GLA,PMI,U2,United Feeder Service
GLA,STN,U2,United Feeder Service
GVA,AJA,U2,United Feeder Service
GVA,ALC,U2,United Feeder Service
GVA,AMS,U2,United Feeder Service
GVA,ARN,U2,United Feeder Service
GVA,ATH,U2,United Feeder Service
GVA,BCN,U2,United Feeder Service
GVA,BDS,U2,United Feeder Service
GVA,BEG,U2,United Feeder Service
GVA,BIA,U2,United Feeder Service
GVA,BIO,U2,United Feeder Service
GVA,BOD,U2,United Feeder Service
GVA,BRU,U2,United Feeder Service
GVA,BUD,U2,United Feeder Service
GVA,CAG,U2,United Feeder Service
GVA,CPH,U2,United Feeder Service
GVA,CTA,U2,United Feeder Service
GVA,DBV,U2,United Feeder Service
GVA,EDI,U2,United Feeder Service
GVA,FAO,U2,United Feeder Service
GVA,FCO,U2,United Feeder Service
GVA,HER,U2,United Feeder Service
GVA,HRG,U2,United Feeder Service
GVA,IBZ,U2,United Feeder Service
GVA,JMK,U2,United Feeder Service
GVA,LIL,U2,United Feeder Service
GVA,LIS,U2,United Feeder Service
GVA,MAD,U2,United Feeder Service
GVA,MAN,U2,United Feeder Service
GVA,NAP,U2,United Feeder Service
GVA,NCE,U2,United Feeder Service
GVA,NTE,U2,United Feeder Service
GVA,OLB,U2,United Feeder Service
GVA,OPO,U2,United Feeder Service
GVA,ORY,U2,United Feeder Service
GVA,PMI,U2,United Feeder Service
GVA,PRN,U2,United Feeder Service
GVA,RAK,U2,United Feeder Service
GVA,SCQ,U2,United Feeder Service
GVA,SEN,U2,United Feeder Service
GVA,SPU,U2,United Feeder Service
GVA,SVQ,U2,United Feeder Service
GVA,TFS,U2,United Feeder Service
GVA,TLS,U2,United Feeder Service
GVA,TLV,U2,United Feeder Service
GVA,VCE,U2,United Feeder Service
MAN,ALC,U2,United Feeder Service
MAN,AMS,U2,United Feeder Service
MAN,ATH,U2,United Feeder Service
MAN,AYT,U2,United Feeder Service
MAN,BIO,U2,United Feeder Service
MAN,CFU,U2,United Feeder Service
MAN,CPH,U2,United Feeder Service
MAN,CTA,U2,United Feeder Service
MAN,DLM,U2,United Feeder Service
MAN,DME,U2,United Feeder Service
MAN,HAM,U2,United Feeder Service
MAN,HER,U2,United Feeder Service
MAN,JMK,U2,United Feeder Service
MAN,JTR,U2,United Feeder Service
MAN,KEF,U2,United Feeder Service
MAN,MLA,U2,United Feeder Service
MAN,MUC,U2,United Feeder Service
MAN,PFO,U2,United Feeder Service
MAN,PMI,U2,United Feeder Service
MAN,PRG,U2,United Feeder Service
MAN,RAK,U2,United Feeder Service
MAN,SKG,U2,United Feeder Service
MAN,SOF,U2,United Feeder Service
MAN,SSH,U2,United Feeder Service
MAN,TFS,U2,United Feeder Service
MAN,TLV,U2,United Feeder Service
MAN,VCE,U2,United Feeder Service
MXP,AHO,U2,United Feeder Service
MXP,AMS,U2,United Feeder Service
MXP,ATH,U2,United Feeder Service
MXP,BCN,U2,United Feeder Service
MXP,BDS,U2,United Feeder Service
MXP,BEG,U2,United Feeder Service
MXP,BOD,U2,United Feeder Service
MXP,BRI,U2,United Feeder Service
MXP,BRU,U2,United Feeder Service
MXP,CAG,U2,United Feeder Service
MXP,CMN,U2,United Feeder Service
MXP,CPH,U2,United Feeder Service
MXP,CTA,U2,United Feeder Service
MXP,EDI,U2,United Feeder Service
MXP,FCO,U2,United Feeder Service
MXP,HAM,U2,United Feeder Service
MXP,HER,U2,United Feeder Service
MXP,IBZ,U2,United Feeder Service
MXP,JMK,U2,United Feeder Service
MXP,LCA,U2,United Feeder Service
MXP,LIS,U2,United Feeder Service
MXP,LUX,U2,United Feeder Service
MXP,MAD,U2,United Feeder Service
MXP,NAP,U2,United Feeder Service
MXP,OLB,U2,United Feeder Service
MXP,PMI,U2,United Feeder Service
MXP,PMO,U2,United Feeder Service
MXP,PRG,U2,United Feeder Service
MXP,RAK,U2,United Feeder Service
MXP,SSH,U2,United Feeder Service
MXP,SUF,U2,United Feeder Service
MXP,TLV,U2,United Feeder Service
NCL,ALC,U2,United Feeder Service
NCL,AMS,U2,United Feeder Service
NCL,BCN,U2,United Feeder Service
NCL,FAO,U2,United Feeder Service
NCL,JER,U2,United Feeder Service
NCL,MLA,U2,United Feeder Service
NCL,NCE,U2,United Feeder Service
NCL,PMI,U2,United Feeder Service
SEN,ALC,U2,United Feeder Service
SEN,AMS,U2,United Feeder Service
SEN,BCN,U2,United Feeder Service
SEN,EDI,U2,United Feeder Service
SEN,FAO,U2,United Feeder Service
SEN,IBZ,U2,United Feeder Service
SEN,JER,U2,United Feeder Service
SEN,KRK,U2,United Feeder Service
SEN,PMI,U2,United Feeder Service
SEN,VCE,U2,United Feeder Service
STN,AMS,U2,United Feeder Service
STN,BIO,U2,United Feeder Service
STN,BJV,U2,United Feeder Service
STN,CAG,U2,United Feeder Service
STN,CPH,U2,United Feeder Service
STN,DBV,U2,United Feeder Service
STN,DLM,U2,United Feeder Service
STN,EDI,U2,United Feeder Service
STN,IBZ,U2,United Feeder Service
STN,LJU,U2,United Feeder Service
STN,MUC,U2,United Feeder Service
STN,NAP,U2,United Feeder Service
STN,NCE,U2,United Feeder Service
STN,OVD,U2,United Feeder Service
STN,PMI,U2,United Feeder Service
STN,PRG,U2,United Feeder Service
STN,RAK,U2,United Feeder Service
STN,SOF,U2,United Feeder Service
STN,SSH,U2,United Feeder Service
ALC,EDI,U2,United Feeder Service
EDI,AMS,U2,United Feeder Service
EDI,ATH,U2,United Feeder Service
EDI,BJV,U2,United Feeder Service
EDI,CPH,U2,United Feeder Service
EDI,DBV,U2,United Feeder Service
EDI,DLM,U2,United Feeder Service
EDI,HAM,U2,United Feeder Service
EDI,HER,U2,United Feeder Service
EDI,KEF,U2,United Feeder Service
EDI,KRK,U2,United Feeder Service
EDI,LIS,U2,United Feeder Service
EDI,MAD,U2,United Feeder Service
EDI,MUC,U2,United Feeder Service
EDI,NAP,U2,United Feeder Service
EDI,NCE,U2,United Feeder Service
EDI,PFO,U2,United Feeder Service
EDI,PMI,U2,United Feeder Service
EDI,PRG,U2,United Feeder Service
EDI,TFS,U2,United Feeder Service
AMS,BOD,U2,United Feeder Service
AMS,FCO,U2,United Feeder Service
AMS,LIS,U2,United Feeder Service
AMS,PRG,U2,United Feeder Service
BOD,BRU,U2,United Feeder Service
BOD,LIL,U2,United Feeder Service
BOD,LIS,U2,United Feeder Service
BOD,NCE,U2,United Feeder Service
BOD,RAK,U2,United Feeder Service
FCO,ATH,U2,United Feeder Service
FCO,BEG,U2,United Feeder Service
FCO,CPH,U2,United Feeder Service
FCO,HAM,U2,United Feeder Service
FCO,LIN,U2,United Feeder Service
FCO,NCE,U2,United Feeder Service
FCO,NTE,U2,United Feeder Service
FCO,ORY,U2,United Feeder Service
FCO,PMO,U2,United Feeder Service
FCO,PRG,U2,United Feeder Service
FCO,SKG,U2,United Feeder Service
FCO,TLS,U2,United Feeder Service
FCO,TLV,U2,United Feeder Service
LIS,BIO,U2,United Feeder Service
LIS,FNC,U2,United Feeder Service
LIS,LUX,U2,United Feeder Service
LIS,MAD,U2,United Feeder Service
LIS,NCE,U2,United Feeder Service
ATH,HAM,U2,United Feeder Service
ATH,ORY,U2,United Feeder Service
HAM,CPH,U2,United Feeder Service
HAM,CTA,U2,United Feeder Service
HAM,NAP,U2,United Feeder Service
HAM,NCE,U2,United Feeder Service
HAM,PMI,U2,United Feeder Service
HAM,VCE,U2,United Feeder Service
ORY,FAO,U2,United Feeder Service
ORY,LIN,U2,United Feeder Service
ORY,NAP,U2,United Feeder Service
ORY,NCE,U2,United Feeder Service
ORY,PMO,U2,United Feeder Service
ORY,PSA,U2,United Feeder Service
ORY,TLS,U2,United Feeder Service
ORY,VCE,U2,United Feeder Service
BCN,NCE,U2,United Feeder Service
NCE,BRU,U2,United Feeder Service
NCE,LIL,U2,United Feeder Service
NCE,NAP,U2,United Feeder Service
NCE,NTE,U2,United Feeder Service
NCE,OLB,U2,United Feeder Service
NCE,RAK,U2,United Feeder Service
NCE,TLS,U2,United Feeder Service
NCE,VCE,U2,United Feeder Service
BIA,TLS,U2,United Feeder Service
TLS,BRU,U2,United Feeder Service
TLS,LIL,U2,United Feeder Service
TLS,NTE,U2,United Feeder Service
TLS,RAK,U2,United Feeder Service
BRU,NAP,U2,United Feeder Service
NAP,CTA,U2,United Feeder Service
NAP,VCE,U2,United Feeder Service
