AAT,URC,GS,Grant Aviation
URC,AKU,GS,Grant Aviation
URC,BPL,GS,Grant Aviation
URC,CGO,GS,Grant Aviation
URC,DSN,GS,Grant Aviation
URC,HMI,GS,Grant Aviation
URC,HTN,GS,Grant Aviation
URC,KCA,GS,Grant Aviation
URC,KHG,GS,Grant Aviation
URC,KRL,GS,Grant Aviation
URC,KRY,GS,Grant Aviation
URC,NLT,GS,Grant Aviation
URC,TCG,GS,Grant Aviation
URC,TSN,GS,Grant Aviation
URC,YIN,GS,Grant Aviation
AQG,HAK,GS,Grant Aviation
AQG,PEK,GS,Grant Aviation
HAK,BHY,GS,Grant Aviation
HAK,CGD,GS,Grant Aviation
HAK,CSX,GS,Grant Aviation
HAK,KWE,GS,Grant Aviation
HAK,KWL,GS,Grant Aviation
HAK,LZO,GS,Grant Aviation
HAK,NNG,GS,Grant Aviation
HAK,SWA,GS,Grant Aviation
HAK,TXN,GS,Grant Aviation
HAK,ZHA,GS,Grant Aviation
HAK,ZUH,GS,Grant Aviation
HAK,ZYI,GS,Grant Aviation
BAV,TSN,GS,Grant Aviation
BAV,XIY,GS,Grant Aviation
TSN,CGO,GS,Grant Aviation
TSN,CGQ,GS,Grant Aviation
TSN,CIF,GS,Grant Aviation
TSN,CJU,GS,Grant Aviation
TSN,CKG,GS,Grant Aviation
TSN,CSX,GS,Grant Aviation
TSN,DLC,GS,Grant Aviation
TSN,DSN,GS,Grant Aviation
TSN,FUG,GS,Grant Aviation
TSN,HET,GS,Grant Aviation
TSN,HGH,GS,Grant Aviation
TSN,HIA,GS,Grant Aviation
TSN,ICN,GS,Grant Aviation
TSN,KHN,GS,Grant Aviation
TSN,MWX,GS,Grant Aviation
TSN,NGB,GS,Grant Aviation
TSN,SHA,GS,Grant Aviation
TSN,SHE,GS,Grant Aviation
TSN,SYX,GS,Grant Aviation
TSN,TAO,GS,Grant Aviation
TSN,TXN,GS,Grant Aviation
TSN,TYN,GS,Grant Aviation
TSN,WUH,GS,Grant Aviation
TSN,XIY,GS,Grant Aviation
TSN,YNT,GS,Grant Aviation
XIY,CGD,GS,Grant Aviation
XIY,CKG,GS,Grant Aviation
XIY,CSX,GS,Grant Aviation
XIY,DAT,GS,Grant Aviation
XIY,DSN,GS,Grant Aviation
XIY,FUG,GS,Grant Aviation
XIY,HET,GS,Grant Aviation
XIY,HFE,GS,Grant Aviation
XIY,HIA,GS,Grant Aviation
XIY,HMI,GS,Grant Aviation
XIY,IQN,GS,Grant Aviation
XIY,JIC,GS,Grant Aviation
XIY,KMG,GS,Grant Aviation
XIY,KWE,GS,Grant Aviation
XIY,KWL,GS,Grant Aviation
XIY,LHW,GS,Grant Aviation
XIY,LZO,GS,Grant Aviation
XIY,NAO,GS,Grant Aviation
XIY,NNG,GS,Grant Aviation
XIY,RLK,GS,Grant Aviation
XIY,UYN,GS,Grant Aviation
XIY,YIH,GS,Grant Aviation
XIY,YZY,GS,Grant Aviation
XIY,ZYI,GS,Grant Aviation
BHY,LYA,GS,Grant Aviation
CGD,XMN,GS,Grant Aviation
XMN,FUG,GS,Grant Aviation
XMN,NKG,GS,Grant Aviation
XMN,ZYI,GS,Grant Aviation
CGO,DSN,GS,Grant Aviation
CGO,HET,GS,Grant Aviation
CGO,HFE,GS,Grant Aviation
CGO,HGH,GS,Grant Aviation
CGO,KHN,GS,Grant Aviation
CGO,KWE,GS,Grant Aviation
CGO,KWL,GS,Grant Aviation
CGO,NNG,GS,Grant Aviation
CGO,SWA,GS,Grant Aviation
CGO,SYX,GS,Grant Aviation
CGO,TAO,GS,Grant Aviation
DSN,CSX,GS,Grant Aviation
DSN,HET,GS,Grant Aviation
DSN,HGH,GS,Grant Aviation
DSN,INC,GS,Grant Aviation
DSN,NKG,GS,Grant Aviation
DSN,SJW,GS,Grant Aviation
DSN,WUH,GS,Grant Aviation
HET,CIF,GS,Grant Aviation
HET,ERL,GS,Grant Aviation
HET,HLD,GS,Grant Aviation
HET,HLH,GS,Grant Aviation
HET,NZH,GS,Grant Aviation
HET,RLK,GS,Grant Aviation
HET,TGO,GS,Grant Aviation
HET,WUA,GS,Grant Aviation
HET,XIL,GS,Grant Aviation
HFE,FOC,GS,Grant Aviation
HFE,NNG,GS,Grant Aviation
HFE,SWA,GS,Grant Aviation
HFE,TAO,GS,Grant Aviation
HGH,SWA,GS,Grant Aviation
HGH,WUH,GS,Grant Aviation
KHN,KOW,GS,Grant Aviation
KHN,NNG,GS,Grant Aviation
KHN,SJW,GS,Grant Aviation
KHN,WNZ,GS,Grant Aviation
KWE,CKG,GS,Grant Aviation
KWE,INC,GS,Grant Aviation
KWE,KWL,GS,Grant Aviation
KWE,MIG,GS,Grant Aviation
KWE,NNG,GS,Grant Aviation
KWE,TEN,GS,Grant Aviation
KWE,TYN,GS,Grant Aviation
KWE,WUH,GS,Grant Aviation
KWL,LHW,GS,Grant Aviation
KWL,ZUH,GS,Grant Aviation
NNG,CSX,GS,Grant Aviation
NNG,JJN,GS,Grant Aviation
NNG,KMG,GS,Grant Aviation
NNG,LZO,GS,Grant Aviation
NNG,WNZ,GS,Grant Aviation
NNG,WUH,GS,Grant Aviation
SWA,CSX,GS,Grant Aviation
SWA,NGB,GS,Grant Aviation
SWA,NKG,GS,Grant Aviation
SWA,YIW,GS,Grant Aviation
SWA,ZHA,GS,Grant Aviation
SYX,WUH,GS,Grant Aviation
SYX,ZYI,GS,Grant Aviation
TAO,FOC,GS,Grant Aviation
TAO,SJW,GS,Grant Aviation
TAO,WNZ,GS,Grant Aviation
CIF,HLD,GS,Grant Aviation
CIF,SHE,GS,Grant Aviation
HLD,HRB,GS,Grant Aviation
HLD,JGD,GS,Grant Aviation
SHE,DAT,GS,Grant Aviation
SHE,HLH,GS,Grant Aviation
SHE,JMU,GS,Grant Aviation
SHE,MDG,GS,Grant Aviation
CIH,TYN,GS,Grant Aviation
TYN,INC,GS,Grant Aviation
TYN,LHW,GS,Grant Aviation
CSX,LYI,GS,Grant Aviation
CSX,ZYI,GS,Grant Aviation
LYI,DLC,GS,Grant Aviation
LYI,WNZ,GS,Grant Aviation
LYI,WUH,GS,Grant Aviation
LYI,YIW,GS,Grant Aviation
DNH,LHW,GS,Grant Aviation
LHW,INC,GS,Grant Aviation
LHW,IQN,GS,Grant Aviation
LHW,JGN,GS,Grant Aviation
LHW,JIC,GS,Grant Aviation
LHW,YZY,GS,Grant Aviation
INC,RLK,GS,Grant Aviation
FOC,HIA,GS,Grant Aviation
HIA,WNZ,GS,Grant Aviation
FUG,WNZ,GS,Grant Aviation
ZHA,KMG,GS,Grant Aviation
ZUH,KOW,GS,Grant Aviation
TGO,TNA,GS,Grant Aviation
JJN,YIW,GS,Grant Aviation
