ABL,OTZ,7H,Era Alaska
ABL,SHG,7H,Era Alaska
ABL,OBU,7H,Era Alaska
OTZ,BKC,7H,Era Alaska
OTZ,DRG,7H,Era Alaska
OTZ,IAN,7H,Era Alaska
OTZ,KVL,7H,Era Alaska
OTZ,OBU,7H,Era Alaska
OTZ,ORV,7H,Era Alaska
OTZ,PHO,7H,Era Alaska
OTZ,SHG,7H,Era Alaska
OTZ,WLK,7H,Era Alaska
OTZ,WTK,7H,Era Alaska
SHG,OBU,7H,Era Alaska
ADQ,ANC,7H,Era Alaska
ANC,ANI,7H,Era Alaska
ANC,BET,7H,Era Alaska
ANC,CDV,7H,Era Alaska
ANC,ENA,7H,Era Alaska
ANC,FAI,7H,Era Alaska
ANC,HOM,7H,Era Alaska
ANC,KSM,7H,Era Alaska
ANC,UNK,7H,Era Alaska
ANC,VDZ,7H,Era Alaska
AIN,ATK,7H,Era Alaska
AIN,BRW,7H,Era Alaska
ATK,BRW,7H,Era Alaska
BRW,NUI,7H,Era Alaska
BRW,PIZ,7H,Era Alaska
AKI,KKI,7H,Era Alaska
AKI,TLT,7H,Era Alaska
KKI,KWT,7H,Era Alaska
TLT,BET,7H,Era Alaska
ANI,CHU,7H,Era Alaska
ANI,HCR,7H,Era Alaska
ANI,KLG,7H,Era Alaska
ANI,RSH,7H,Era Alaska
ANI,SHX,7H,Era Alaska
ANI,SLQ,7H,Era Alaska
ANI,SRV,7H,Era Alaska
BET,ATT,7H,Era Alaska
BET,CYF,7H,Era Alaska
BET,EEK,7H,Era Alaska
BET,HPB,7H,Era Alaska
BET,KKH,7H,Era Alaska
BET,KLG,7H,Era Alaska
BET,KUK,7H,Era Alaska
BET,KWK,7H,Era Alaska
BET,KWN,7H,Era Alaska
BET,KWT,7H,Era Alaska
BET,MLL,7H,Era Alaska
BET,NME,7H,Era Alaska
BET,OOK,7H,Era Alaska
BET,PQS,7H,Era Alaska
BET,VAK,7H,Era Alaska
BET,WTL,7H,Era Alaska
BET,KPN,7H,Era Alaska
BET,MYU,7H,Era Alaska
BET,RSH,7H,Era Alaska
BET,SCM,7H,Era Alaska
BET,WWT,7H,Era Alaska
FAI,FYU,7H,Era Alaska
FAI,GAL,7H,Era Alaska
FAI,RBY,7H,Era Alaska
FAI,SCC,7H,Era Alaska
KSM,KOT,7H,Era Alaska
KSM,MOU,7H,Era Alaska
KSM,SXP,7H,Era Alaska
UNK,KKA,7H,Era Alaska
UNK,OME,7H,Era Alaska
UNK,SKK,7H,Era Alaska
UNK,SMK,7H,Era Alaska
UNK,WBB,7H,Era Alaska
CHU,CKD,7H,Era Alaska
HCR,ANV,7H,Era Alaska
KLG,RSH,7H,Era Alaska
RSH,MLL,7H,Era Alaska
SHX,KGX,7H,Era Alaska
ANV,KGX,7H,Era Alaska
ATT,NUP,7H,Era Alaska
AUK,EMK,7H,Era Alaska
AUK,SXP,7H,Era Alaska
EMK,KOT,7H,Era Alaska
CYF,KPN,7H,Era Alaska
EEK,KWN,7H,Era Alaska
HPB,SCM,7H,Era Alaska
HPB,VAK,7H,Era Alaska
KKH,KWK,7H,Era Alaska
KUK,NUP,7H,Era Alaska
KWK,KPN,7H,Era Alaska
KWN,TOG,7H,Era Alaska
NME,OOK,7H,Era Alaska
NME,TNK,7H,Era Alaska
OOK,MYU,7H,Era Alaska
OOK,TNK,7H,Era Alaska
PQS,MOU,7H,Era Alaska
VAK,SCM,7H,Era Alaska
BKC,DRG,7H,Era Alaska
NUI,SCC,7H,Era Alaska
PIZ,PHO,7H,Era Alaska
BTI,FYU,7H,Era Alaska
BTI,SCC,7H,Era Alaska
CKD,RDV,7H,Era Alaska
CKD,SLQ,7H,Era Alaska
RDV,SLQ,7H,Era Alaska
SLQ,SRV,7H,Era Alaska
ELI,KKA,7H,Era Alaska
ELI,OME,7H,Era Alaska
KKA,SKK,7H,Era Alaska
OME,GAM,7H,Era Alaska
OME,GLV,7H,Era Alaska
OME,KTS,7H,Era Alaska
OME,SHH,7H,Era Alaska
OME,SKK,7H,Era Alaska
OME,SVA,7H,Era Alaska
OME,TLA,7H,Era Alaska
OME,WAA,7H,Era Alaska
OME,WBB,7H,Era Alaska
OME,WMO,7H,Era Alaska
KOT,WBB,7H,Era Alaska
GAL,HSL,7H,Era Alaska
GAL,KAL,7H,Era Alaska
GAL,NUL,7H,Era Alaska
GAL,RBY,7H,Era Alaska
GAL,KYU,7H,Era Alaska
HSL,KYU,7H,Era Alaska
KAL,NUL,7H,Era Alaska
GAM,SVA,7H,Era Alaska
GLV,WMO,7H,Era Alaska
IAN,ORV,7H,Era Alaska
WBB,SMK,7H,Era Alaska
KTS,TLA,7H,Era Alaska
KTS,WAA,7H,Era Alaska
WAA,SHH,7H,Era Alaska
KVL,WTK,7H,Era Alaska
TNK,WWT,7H,Era Alaska
