ALA,KBP,PS,Pacific Southwest Airlines
KBP,AMS,PS,Pacific Southwest Airlines
KBP,ATH,PS,Pacific Southwest Airlines
KBP,BCN,PS,Pacific Southwest Airlines
KBP,BKK,PS,Pacific Southwest Airlines
KBP,BRU,PS,Pacific Southwest Airlines
KBP,CDG,PS,Pacific Southwest Airlines
KBP,DME,PS,Pacific Southwest Airlines
KBP,DNK,PS,Pacific Southwest Airlines
KBP,DOK,PS,Pacific Southwest Airlines
KBP,DXB,PS,Pacific Southwest Airlines
KBP,EVN,PS,Pacific Southwest Airlines
KBP,FCO,PS,Pacific Southwest Airlines
KBP,FRA,PS,Pacific Southwest Airlines
KBP,GVA,PS,Pacific Southwest Airlines
KBP,GYD,PS,Pacific Southwest Airlines
KBP,HEL,PS,Pacific Southwest Airlines
KBP,HER,PS,Pacific Southwest Airlines
KBP,HRK,PS,Pacific Southwest Airlines
KBP,IFO,PS,Pacific Southwest Airlines
KBP,IST,PS,Pacific Southwest Airlines
KBP,JFK,PS,Pacific Southwest Airlines
KBP,KGD,PS,Pacific Southwest Airlines
KBP,LCA,PS,Pacific Southwest Airlines
KBP,LED,PS,Pacific Southwest Airlines
KBP,LGW,PS,Pacific Southwest Airlines
KBP,LIS,PS,Pacific Southwest Airlines
KBP,LWO,PS,Pacific Southwest Airlines
KBP,MAD,PS,Pacific Southwest Airlines
KBP,MSQ,PS,Pacific Southwest Airlines
KBP,MUC,PS,Pacific Southwest Airlines
KBP,MXP,PS,Pacific Southwest Airlines
KBP,NCE,PS,Pacific Southwest Airlines
KBP,ODS,PS,Pacific Southwest Airlines
KBP,OVB,PS,Pacific Southwest Airlines
KBP,PRG,PS,Pacific Southwest Airlines
KBP,RHO,PS,Pacific Southwest Airlines
KBP,RIX,PS,Pacific Southwest Airlines
KBP,ROV,PS,Pacific Southwest Airlines
KBP,SAW,PS,Pacific Southwest Airlines
KBP,SVX,PS,Pacific Southwest Airlines
KBP,TBS,PS,Pacific Southwest Airlines
KBP,TFS,PS,Pacific Southwest Airlines
KBP,TLV,PS,Pacific Southwest Airlines
KBP,TSE,PS,Pacific Southwest Airlines
KBP,TXL,PS,Pacific Southwest Airlines
KBP,VIE,PS,Pacific Southwest Airlines
KBP,VNO,PS,Pacific Southwest Airlines
KBP,WAW,PS,Pacific Southwest Airlines
KBP,ZRH,PS,Pacific Southwest Airlines
DME,ODS,PS,Pacific Southwest Airlines
ODS,IST,PS,Pacific Southwest Airlines
ODS,LCA,PS,Pacific Southwest Airlines
ODS,TLV,PS,Pacific Southwest Airlines
ODS,VIE,PS,Pacific Southwest Airlines
DNK,IST,PS,Pacific Southwest Airlines
DNK,TLV,PS,Pacific Southwest Airlines
IST,DOK,PS,Pacific Southwest Airlines
TLV,DOK,PS,Pacific Southwest Airlines
DOK,LCA,PS,Pacific Southwest Airlines
LCA,HRK,PS,Pacific Southwest Airlines
LCA,LWO,PS,Pacific Southwest Airlines
HRK,VIE,PS,Pacific Southwest Airlines
VIE,LWO,PS,Pacific Southwest Airlines
