ATL,LWB,3M,Silver Airways (3M)
ATL,MCN,3M,Silver Airways (3M)
ATL,MEI,3M,Silver Airways (3M)
ATL,MSL,3M,Silver Airways (3M)
ATL,PIB,3M,Silver Airways (3M)
ATL,TUP,3M,Silver Airways (3M)
MCN,MCO,3M,Silver Airways (3M)
TUP,GLH,3M,Silver Airways (3M)
BIM,FLL,3M,Silver Airways (3M)
FLL,ELH,3M,Silver Airways (3M)
FLL,EYW,3M,Silver Airways (3M)
FLL,FPO,3M,Silver Airways (3M)
FLL,GGT,3M,Silver Airways (3M)
FLL,GHB,3M,Silver Airways (3M)
FLL,MCO,3M,Silver Airways (3M)
FLL,MHH,3M,Silver Airways (3M)
FLL,TCB,3M,Silver Airways (3M)
FLL,TPA,3M,Silver Airways (3M)
ELH,PBI,3M,Silver Airways (3M)
PBI,MHH,3M,Silver Airways (3M)
PBI,TPA,3M,Silver Airways (3M)
EYW,RSW,3M,Silver Airways (3M)
EYW,TPA,3M,Silver Airways (3M)
RSW,MCO,3M,Silver Airways (3M)
TPA,GNV,3M,Silver Airways (3M)
TPA,JAX,3M,Silver Airways (3M)
TPA,PNS,3M,Silver Airways (3M)
TPA,TLH,3M,Silver Airways (3M)
GGT,GHB,3M,Silver Airways (3M)
MCO,GNV,3M,Silver Airways (3M)
MCO,MHH,3M,Silver Airways (3M)
MCO,PNS,3M,Silver Airways (3M)
MCO,TLH,3M,Silver Airways (3M)
MHH,JAX,3M,Silver Airways (3M)
