AIA,CDR,F9,Frontier Airlines
AIA,DEN,F9,Frontier Airlines
CDR,DEN,F9,Frontier Airlines
ALS,DEN,F9,Frontier Airlines
ALS,FMN,F9,Frontier Airlines
DEN,ATL,F9,Frontier Airlines
DEN,AUS,F9,Frontier Airlines
DEN,BIS,F9,Frontier Airlines
DEN,BKG,F9,Frontier Airlines
DEN,BMI,F9,Frontier Airlines
DEN,BNA,F9,Frontier Airlines
DEN,BZN,F9,Frontier Airlines
DEN,CID,F9,Frontier Airlines
DEN,CLE,F9,Frontier Airlines
DEN,CUN,F9,Frontier Airlines
DEN,CVG,F9,Frontier Airlines
DEN,CYS,F9,Frontier Airlines
DEN,CZM,F9,Frontier Airlines
DEN,DCA,F9,Frontier Airlines
DEN,DDC,F9,Frontier Airlines
DEN,DFW,F9,Frontier Airlines
DEN,DSM,F9,Frontier Airlines
DEN,DTW,F9,Frontier Airlines
DEN,EUG,F9,Frontier Airlines
DEN,FAR,F9,Frontier Airlines
DEN,FAT,F9,Frontier Airlines
DEN,FLL,F9,Frontier Airlines
DEN,FMN,F9,Frontier Airlines
DEN,FSD,F9,Frontier Airlines
DEN,GEG,F9,Frontier Airlines
DEN,GSO,F9,Frontier Airlines
DEN,IAH,F9,Frontier Airlines
DEN,ILG,F9,Frontier Airlines
DEN,IND,F9,Frontier Airlines
DEN,LAS,F9,Frontier Airlines
DEN,LAX,F9,Frontier Airlines
DEN,LGA,F9,Frontier Airlines
DEN,LIR,F9,Frontier Airlines
DEN,LIT,F9,Frontier Airlines
DEN,MCI,F9,Frontier Airlines
DEN,MCO,F9,Frontier Airlines
DEN,MDT,F9,Frontier Airlines
DEN,MDW,F9,Frontier Airlines
DEN,MEM,F9,Frontier Airlines
DEN,MKE,F9,Frontier Airlines
DEN,MOT,F9,Frontier Airlines
DEN,MSN,F9,Frontier Airlines
DEN,MSP,F9,Frontier Airlines
DEN,MSY,F9,Frontier Airlines
DEN,OKC,F9,Frontier Airlines
DEN,OMA,F9,Frontier Airlines
DEN,PDX,F9,Frontier Airlines
DEN,PHF,F9,Frontier Airlines
DEN,PHX,F9,Frontier Airlines
DEN,PIR,F9,Frontier Airlines
DEN,PSP,F9,Frontier Airlines
DEN,PVR,F9,Frontier Airlines
DEN,RSW,F9,Frontier Airlines
DEN,SAN,F9,Frontier Airlines
DEN,SBA,F9,Frontier Airlines
DEN,SEA,F9,Frontier Airlines
DEN,SFO,F9,Frontier Airlines
DEN,SJD,F9,Frontier Airlines
DEN,SJO,F9,Frontier Airlines
DEN,SLC,F9,Frontier Airlines
DEN,SNA,F9,Frontier Airlines
DEN,STL,F9,Frontier Airlines
DEN,TPA,F9,Frontier Airlines
DEN,TYS,F9,Frontier Airlines
DEN,LBL,F9,Frontier Airlines
DEN,PGA,F9,Frontier Airlines
FMN,SOW,F9,Frontier Airlines
ATL,TTN,F9,Frontier Airlines
TTN,BNA,F9,Frontier Airlines
TTN,CLE,F9,Frontier Airlines
TTN,CLT,F9,Frontier Airlines
TTN,CVG,F9,Frontier Airlines
TTN,DTW,F9,Frontier Airlines
TTN,FLL,F9,Frontier Airlines
TTN,IND,F9,Frontier Airlines
TTN,MCO,F9,Frontier Airlines
TTN,MDW,F9,Frontier Airlines
TTN,RDU,F9,Frontier Airlines
TTN,RSW,F9,Frontier Airlines
TTN,TPA,F9,Frontier Airlines
TTN,UST,F9,Frontier Airlines
ATY,PIR,F9,Frontier Airlines
PIR,HON,F9,Frontier Airlines
BMI,MCO,F9,Frontier Airlines
MCO,ILG,F9,Frontier Airlines
MCO,MDT,F9,Frontier Airlines
CLE,CUN,F9,Frontier Airlines
CLE,PUJ,F9,Frontier Airlines
CUN,MCI,F9,Frontier Airlines
CUN,PHL,F9,Frontier Airlines
CUN,PIT,F9,Frontier Airlines
CUN,STL,F9,Frontier Airlines
PUJ,ORD,F9,Frontier Airlines
PUJ,PHL,F9,Frontier Airlines
PUJ,PIT,F9,Frontier Airlines
PUJ,STL,F9,Frontier Airlines
STL,MBJ,F9,Frontier Airlines
STL,PVR,F9,Frontier Airlines
CYS,WRL,F9,Frontier Airlines
DDC,LBL,F9,Frontier Airlines
DTW,ILG,F9,Frontier Airlines
ILG,MDW,F9,Frontier Airlines
ILG,RSW,F9,Frontier Airlines
ILG,TPA,F9,Frontier Airlines
LAX,IGM,F9,Frontier Airlines
PHX,SOW,F9,Frontier Airlines
PVR,ORD,F9,Frontier Airlines
SJD,ORD,F9,Frontier Airlines
IGM,PGA,F9,Frontier Airlines
MBJ,ORD,F9,Frontier Airlines
