BOS,MSP,SY,Sun Country Airlines
MSP,CUN,SY,Sun Country Airlines
MSP,DCA,SY,Sun Country Airlines
MSP,DFW,SY,Sun Country Airlines
MSP,JFK,SY,Sun Country Airlines
MSP,LAN,SY,Sun Country Airlines
MSP,LAS,SY,Sun Country Airlines
MSP,LAX,SY,Sun Country Airlines
MSP,MCO,SY,Sun Country Airlines
MSP,MDW,SY,Sun Country Airlines
MSP,PHX,SY,Sun Country Airlines
MSP,PSP,SY,Sun Country Airlines
MSP,PUJ,SY,Sun Country Airlines
MSP,RSW,SY,Sun Country Airlines
MSP,SAN,SY,Sun Country Airlines
MSP,SEA,SY,Sun Country Airlines
MSP,SFO,SY,Sun Country Airlines
CUN,DFW,SY,Sun Country Airlines
DCA,LAN,SY,Sun Country Airlines
