ABE,MYR,G4,Allegiant Air
ABE,PGD,G4,Allegiant Air
ABE,PIE,G4,Allegiant Air
ABE,SFB,G4,Allegiant Air
MYR,FWA,G4,Allegiant Air
MYR,HTS,G4,Allegiant Air
MYR,YNG,G4,Allegiant Air
PGD,AVL,G4,Allegiant Air
PGD,CID,G4,Allegiant Air
PGD,CVG,G4,Allegiant Air
PGD,DSM,G4,Allegiant Air
PGD,FWA,G4,Allegiant Air
PGD,GSP,G4,Allegiant Air
PGD,IAG,G4,Allegiant Air
PGD,ISP,G4,Allegiant Air
PGD,LEX,G4,Allegiant Air
PGD,PIA,G4,Allegiant Air
PGD,RFD,G4,Allegiant Air
PGD,SBN,G4,Allegiant Air
PGD,SGF,G4,Allegiant Air
PGD,SPI,G4,Allegiant Air
PGD,TOL,G4,Allegiant Air
PGD,TYS,G4,Allegiant Air
PGD,YNG,G4,Allegiant Air
PIE,AVL,G4,Allegiant Air
PIE,BGR,G4,Allegiant Air
PIE,CHA,G4,Allegiant Air
PIE,CID,G4,Allegiant Air
PIE,DSM,G4,Allegiant Air
PIE,ELM,G4,Allegiant Air
PIE,FAR,G4,Allegiant Air
PIE,FSD,G4,Allegiant Air
PIE,FWA,G4,Allegiant Air
PIE,GRR,G4,Allegiant Air
PIE,GSO,G4,Allegiant Air
PIE,GSP,G4,Allegiant Air
PIE,HTS,G4,Allegiant Air
PIE,IAG,G4,Allegiant Air
PIE,LCK,G4,Allegiant Air
PIE,LEX,G4,Allegiant Air
PIE,MDT,G4,Allegiant Air
PIE,MLI,G4,Allegiant Air
PIE,PBG,G4,Allegiant Air
PIE,PIA,G4,Allegiant Air
PIE,RFD,G4,Allegiant Air
PIE,ROA,G4,Allegiant Air
PIE,SBN,G4,Allegiant Air
PIE,SGF,G4,Allegiant Air
PIE,SWF,G4,Allegiant Air
PIE,SYR,G4,Allegiant Air
PIE,TOL,G4,Allegiant Air
PIE,TRI,G4,Allegiant Air
PIE,TYS,G4,Allegiant Air
PIE,YNG,G4,Allegiant Air
SFB,ATW,G4,Allegiant Air
SFB,AVL,G4,Allegiant Air
SFB,AVP,G4,Allegiant Air
SFB,BGR,G4,Allegiant Air
SFB,BIS,G4,Allegiant Air
SFB,BLV,G4,Allegiant Air
SFB,BMI,G4,Allegiant Air
SFB,BTV,G4,Allegiant Air
SFB,CHA,G4,Allegiant Air
SFB,CID,G4,Allegiant Air
SFB,CKB,G4,Allegiant Air
SFB,CVG,G4,Allegiant Air
SFB,DSM,G4,Allegiant Air
SFB,ELM,G4,Allegiant Air
SFB,FAR,G4,Allegiant Air
SFB,FSD,G4,Allegiant Air
SFB,FWA,G4,Allegiant Air
SFB,GFK,G4,Allegiant Air
SFB,GRR,G4,Allegiant Air
SFB,GSO,G4,Allegiant Air
SFB,GSP,G4,Allegiant Air
SFB,HGR,G4,Allegiant Air
SFB,HTS,G4,Allegiant Air
SFB,IAG,G4,Allegiant Air
SFB,LAN,G4,Allegiant Air
SFB,LCK,G4,Allegiant Air
SFB,LEX,G4,Allegiant Air
SFB,LIT,G4,Allegiant Air
SFB,MDT,G4,Allegiant Air
SFB,MLI,G4,Allegiant Air
SFB,OKC,G4,Allegiant Air
SFB,OWB,G4,Allegiant Air
SFB,PBG,G4,Allegiant Air
SFB,PHF,G4,Allegiant Air
SFB,PSM,G4,Allegiant Air
SFB,RFD,G4,Allegiant Air
SFB,ROA,G4,Allegiant Air
SFB,SBN,G4,Allegiant Air
SFB,SGF,G4,Allegiant Air
SFB,SPI,G4,Allegiant Air
SFB,TOL,G4,Allegiant Air
SFB,TRI,G4,Allegiant Air
SFB,TUL,G4,Allegiant Air
SFB,TYS,G4,Allegiant Air
SFB,XNA,G4,Allegiant Air
SFB,YNG,G4,Allegiant Air
ATW,AZA,G4,Allegiant Air
ATW,LAS,G4,Allegiant Air
AZA,BIL,G4,Allegiant Air
AZA,BIS,G4,Allegiant Air
AZA,BLI,G4,Allegiant Air
AZA,BZN,G4,Allegiant Air
AZA,CID,G4,Allegiant Air
AZA,DLH,G4,Allegiant Air
AZA,EUG,G4,Allegiant Air
AZA,FAR,G4,Allegiant Air
AZA,FSD,G4,Allegiant Air
AZA,FWA,G4,Allegiant Air
AZA,GFK,G4,Allegiant Air
AZA,GRI,G4,Allegiant Air
AZA,GRR,G4,Allegiant Air
AZA,GTF,G4,Allegiant Air
AZA,ICT,G4,Allegiant Air
AZA,IDA,G4,Allegiant Air
AZA,LAS,G4,Allegiant Air
AZA,MLI,G4,Allegiant Air
AZA,MOT,G4,Allegiant Air
AZA,MSO,G4,Allegiant Air
AZA,OAK,G4,Allegiant Air
AZA,OGD,G4,Allegiant Air
AZA,PIA,G4,Allegiant Air
AZA,PSC,G4,Allegiant Air
AZA,PVU,G4,Allegiant Air
AZA,RAP,G4,Allegiant Air
AZA,RFD,G4,Allegiant Air
AZA,RST,G4,Allegiant Air
AZA,SBN,G4,Allegiant Air
AZA,SGF,G4,Allegiant Air
AZA,STC,G4,Allegiant Air
LAS,AUS,G4,Allegiant Air
LAS,BIL,G4,Allegiant Air
LAS,BIS,G4,Allegiant Air
LAS,BLI,G4,Allegiant Air
LAS,BOI,G4,Allegiant Air
LAS,BZN,G4,Allegiant Air
LAS,CID,G4,Allegiant Air
LAS,COS,G4,Allegiant Air
LAS,CPR,G4,Allegiant Air
LAS,DLH,G4,Allegiant Air
LAS,DSM,G4,Allegiant Air
LAS,EUG,G4,Allegiant Air
LAS,FAR,G4,Allegiant Air
LAS,FAT,G4,Allegiant Air
LAS,FCA,G4,Allegiant Air
LAS,FSD,G4,Allegiant Air
LAS,GFK,G4,Allegiant Air
LAS,GJT,G4,Allegiant Air
LAS,GRI,G4,Allegiant Air
LAS,GRR,G4,Allegiant Air
LAS,GTF,G4,Allegiant Air
LAS,HNL,G4,Allegiant Air
LAS,ICT,G4,Allegiant Air
LAS,IDA,G4,Allegiant Air
LAS,LRD,G4,Allegiant Air
LAS,MFE,G4,Allegiant Air
LAS,MFR,G4,Allegiant Air
LAS,MLI,G4,Allegiant Air
LAS,MOT,G4,Allegiant Air
LAS,MRY,G4,Allegiant Air
LAS,MSO,G4,Allegiant Air
LAS,PIA,G4,Allegiant Air
LAS,PSC,G4,Allegiant Air
LAS,RAP,G4,Allegiant Air
LAS,RFD,G4,Allegiant Air
LAS,RNO,G4,Allegiant Air
LAS,SBN,G4,Allegiant Air
LAS,SCK,G4,Allegiant Air
LAS,SGF,G4,Allegiant Air
LAS,SHV,G4,Allegiant Air
LAS,SMX,G4,Allegiant Air
LAS,XNA,G4,Allegiant Air
AVL,FLL,G4,Allegiant Air
FLL,GSP,G4,Allegiant Air
FLL,LEX,G4,Allegiant Air
FLL,PBG,G4,Allegiant Air
FLL,TYS,G4,Allegiant Air
BLI,LAX,G4,Allegiant Air
BLI,OAK,G4,Allegiant Air
BLI,PSP,G4,Allegiant Air
BLI,SAN,G4,Allegiant Air
EUG,LAX,G4,Allegiant Air
EUG,OAK,G4,Allegiant Air
OAK,PVU,G4,Allegiant Air
PVU,LAX,G4,Allegiant Air
LAX,HNL,G4,Allegiant Air
LAX,MFR,G4,Allegiant Air
