AGM,IOQ,GL,Miami Air International
AGM,KUS,GL,Miami Air International
AGM,KUZ,GL,Miami Air International
AGM,SGG,GL,Miami Air International
AGM,TQI,GL,Miami Air International
KUS,CNP,GL,Miami Air International
KUS,GOH,GL,Miami Air International
KUS,SFJ,GL,Miami Air International
AOQ,JUV,GL,Miami Air International
JUV,IUI,GL,Miami Air International
JUV,JAV,GL,Miami Air International
JUV,KGQ,GL,Miami Air International
JUV,KHQ,GL,Miami Air International
JUV,NAQ,GL,Miami Air International
JUV,NSQ,GL,Miami Air International
JUV,TQA,GL,Miami Air International
JUV,UPK,GL,Miami Air International
CNP,OBY,GL,Miami Air International
CPH,SFJ,GL,Miami Air International
SFJ,GOH,GL,Miami Air International
SFJ,JAV,GL,Miami Air International
SFJ,JEG,GL,Miami Air International
SFJ,JHS,GL,Miami Air International
SFJ,JSU,GL,Miami Air International
SFJ,UAK,GL,Miami Air International
GOH,JAV,GL,Miami Air International
GOH,JFR,GL,Miami Air International
GOH,JHS,GL,Miami Air International
GOH,JSU,GL,Miami Air International
GOH,KEF,GL,Miami Air International
GOH,UAK,GL,Miami Air International
JAV,JEG,GL,Miami Air International
JAV,JQA,GL,Miami Air International
JFR,UAK,GL,Miami Air International
JHS,JEG,GL,Miami Air International
UAK,JJU,GL,Miami Air International
UAK,JNS,GL,Miami Air International
IKE,SAE,GL,Miami Air International
IKE,UMD,GL,Miami Air International
SAE,UMD,GL,Miami Air International
UMD,IOT,GL,Miami Air International
UMD,JQA,GL,Miami Air International
UMD,JUK,GL,Miami Air International
UMD,JUU,GL,Miami Air International
UMD,NIQ,GL,Miami Air International
IOT,JUU,GL,Miami Air International
IUI,TQA,GL,Miami Air International
JJU,JNN,GL,Miami Air International
JJU,JNS,GL,Miami Air International
JJU,LLU,GL,Miami Air International
JJU,QFG,GL,Miami Air International
JJU,QJH,GL,Miami Air International
JJU,QUW,GL,Miami Air International
JJU,QOQ,GL,Miami Air International
JNN,LLU,GL,Miami Air International
JNN,QUW,GL,Miami Air International
JNN,XEQ,GL,Miami Air International
JNN,QFN,GL,Miami Air International
JNS,QFX,GL,Miami Air International
QFG,QOQ,GL,Miami Air International
XEQ,QUV,GL,Miami Air International
KGQ,UPK,GL,Miami Air International
KHQ,NSQ,GL,Miami Air International
NAQ,SRK,GL,Miami Air International
NAQ,THU,GL,Miami Air International
THU,SVR,GL,Miami Air International
QFN,QUV,GL,Miami Air International
