ABQ,DEN,FL,AirTran Airways
ABQ,LAS,FL,AirTran Airways
ABQ,MCI,FL,AirTran Airways
ABQ,MDW,FL,AirTran Airways
ABQ,PDX,FL,AirTran Airways
ABQ,BWI,FL,AirTran Airways
ABQ,PHX,FL,AirTran Airways
DEN,AMA,FL,AirTran Airways
DEN,ATL,FL,AirTran Airways
DEN,AUS,FL,AirTran Airways
DEN,BOI,FL,AirTran Airways
DEN,BWI,FL,AirTran Airways
DEN,CLE,FL,AirTran Airways
DEN,CUN,FL,AirTran Airways
DEN,BNA,FL,AirTran Airways
DEN,CMH,FL,AirTran Airways
DEN,GEG,FL,AirTran Airways
DEN,IND,FL,AirTran Airways
DEN,LAS,FL,AirTran Airways
DEN,LAX,FL,AirTran Airways
DEN,MCI,FL,AirTran Airways
DEN,MCO,FL,AirTran Airways
DEN,MDW,FL,AirTran Airways
DEN,MKE,FL,AirTran Airways
DEN,MSP,FL,AirTran Airways
DEN,MSY,FL,AirTran Airways
DEN,OKC,FL,AirTran Airways
DEN,OMA,FL,AirTran Airways
DEN,ONT,FL,AirTran Airways
DEN,ORF,FL,AirTran Airways
DEN,PHX,FL,AirTran Airways
DEN,SAN,FL,AirTran Airways
DEN,SAT,FL,AirTran Airways
DEN,SJD,FL,AirTran Airways
DEN,SLC,FL,AirTran Airways
DEN,SMF,FL,AirTran Airways
DEN,SNA,FL,AirTran Airways
DEN,TPA,FL,AirTran Airways
DEN,TUS,FL,AirTran Airways
DEN,HOU,FL,AirTran Airways
DEN,IAD,FL,AirTran Airways
DEN,OAK,FL,AirTran Airways
DEN,PDX,FL,AirTran Airways
DEN,PHL,FL,AirTran Airways
DEN,RNO,FL,AirTran Airways
DEN,SEA,FL,AirTran Airways
DEN,SFO,FL,AirTran Airways
DEN,SJC,FL,AirTran Airways
DEN,STL,FL,AirTran Airways
DEN,TUL,FL,AirTran Airways
LAS,ATL,FL,AirTran Airways
LAS,BHM,FL,AirTran Airways
LAS,BUR,FL,AirTran Airways
LAS,BWI,FL,AirTran Airways
LAS,HOU,FL,AirTran Airways
LAS,IND,FL,AirTran Airways
LAS,AUS,FL,AirTran Airways
LAS,LAX,FL,AirTran Airways
LAS,MDW,FL,AirTran Airways
LAS,MKE,FL,AirTran Airways
LAS,OAK,FL,AirTran Airways
LAS,PHX,FL,AirTran Airways
LAS,PVD,FL,AirTran Airways
LAS,RDU,FL,AirTran Airways
LAS,RNO,FL,AirTran Airways
LAS,SAN,FL,AirTran Airways
LAS,SAT,FL,AirTran Airways
LAS,SEA,FL,AirTran Airways
LAS,SLC,FL,AirTran Airways
LAS,SMF,FL,AirTran Airways
LAS,SNA,FL,AirTran Airways
LAS,TPA,FL,AirTran Airways
LAS,TUS,FL,AirTran Airways
LAS,LBB,FL,AirTran Airways
LAS,MCI,FL,AirTran Airways
LAS,MEM,FL,AirTran Airways
LAS,MSY,FL,AirTran Airways
LAS,OKC,FL,AirTran Airways
LAS,ONT,FL,AirTran Airways
LAS,SJC,FL,AirTran Airways
LAS,STL,FL,AirTran Airways
MCI,ATL,FL,AirTran Airways
MCI,DAL,FL,AirTran Airways
MCI,HOU,FL,AirTran Airways
MCI,IND,FL,AirTran Airways
MCI,BWI,FL,AirTran Airways
MCI,LAX,FL,AirTran Airways
MCI,MCO,FL,AirTran Airways
MCI,MDW,FL,AirTran Airways
MCI,MKE,FL,AirTran Airways
MCI,MSP,FL,AirTran Airways
MCI,MSY,FL,AirTran Airways
MCI,PDX,FL,AirTran Airways
MCI,PHL,FL,AirTran Airways
MCI,SEA,FL,AirTran Airways
MCI,SFO,FL,AirTran Airways
MCI,STL,FL,AirTran Airways
MCI,TPA,FL,AirTran Airways
MCI,SAN,FL,AirTran Airways
MDW,ALB,FL,AirTran Airways
MDW,AMA,FL,AirTran Airways
MDW,ATL,FL,AirTran Airways
MDW,AUS,FL,AirTran Airways
MDW,BDL,FL,AirTran Airways
MDW,BNA,FL,AirTran Airways
MDW,BOS,FL,AirTran Airways
MDW,BUF,FL,AirTran Airways
MDW,BWI,FL,AirTran Airways
MDW,CHS,FL,AirTran Airways
MDW,CLE,FL,AirTran Airways
MDW,CLT,FL,AirTran Airways
MDW,CMH,FL,AirTran Airways
MDW,CUN,FL,AirTran Airways
MDW,DSM,FL,AirTran Airways
MDW,DTW,FL,AirTran Airways
MDW,EWR,FL,AirTran Airways
MDW,GSP,FL,AirTran Airways
MDW,HOU,FL,AirTran Airways
MDW,IAD,FL,AirTran Airways
MDW,ICT,FL,AirTran Airways
MDW,LAX,FL,AirTran Airways
MDW,LGA,FL,AirTran Airways
MDW,MBJ,FL,AirTran Airways
MDW,MCO,FL,AirTran Airways
MDW,BHM,FL,AirTran Airways
MDW,JAN,FL,AirTran Airways
MDW,LIT,FL,AirTran Airways
MDW,MEM,FL,AirTran Airways
MDW,MHT,FL,AirTran Airways
MDW,MSP,FL,AirTran Airways
MDW,MSY,FL,AirTran Airways
MDW,OAK,FL,AirTran Airways
MDW,OKC,FL,AirTran Airways
MDW,OMA,FL,AirTran Airways
MDW,ONT,FL,AirTran Airways
MDW,ORF,FL,AirTran Airways
MDW,PDX,FL,AirTran Airways
MDW,PHL,FL,AirTran Airways
MDW,PHX,FL,AirTran Airways
MDW,PIT,FL,AirTran Airways
MDW,PUJ,FL,AirTran Airways
MDW,PVD,FL,AirTran Airways
MDW,RDU,FL,AirTran Airways
MDW,ROC,FL,AirTran Airways
MDW,RSW,FL,AirTran Airways
MDW,SAN,FL,AirTran Airways
MDW,SAT,FL,AirTran Airways
MDW,SDF,FL,AirTran Airways
MDW,SEA,FL,AirTran Airways
MDW,SFO,FL,AirTran Airways
MDW,SJC,FL,AirTran Airways
MDW,SLC,FL,AirTran Airways
MDW,SMF,FL,AirTran Airways
MDW,STL,FL,AirTran Airways
MDW,TPA,FL,AirTran Airways
MDW,TUL,FL,AirTran Airways
MDW,TUS,FL,AirTran Airways
MDW,RNO,FL,AirTran Airways
PDX,OAK,FL,AirTran Airways
PDX,OKC,FL,AirTran Airways
PDX,PHX,FL,AirTran Airways
PDX,SLC,FL,AirTran Airways
PDX,TPA,FL,AirTran Airways
ALB,BWI,FL,AirTran Airways
ALB,EWR,FL,AirTran Airways
ALB,FLL,FL,AirTran Airways
ALB,TPA,FL,AirTran Airways
ALB,MCO,FL,AirTran Airways
BWI,ATL,FL,AirTran Airways
BWI,AUA,FL,AirTran Airways
BWI,BDL,FL,AirTran Airways
BWI,BHM,FL,AirTran Airways
BWI,BNA,FL,AirTran Airways
BWI,BOS,FL,AirTran Airways
BWI,BUF,FL,AirTran Airways
BWI,AUS,FL,AirTran Airways
BWI,CLE,FL,AirTran Airways
BWI,CLT,FL,AirTran Airways
BWI,CMH,FL,AirTran Airways
BWI,CUN,FL,AirTran Airways
BWI,DAY,FL,AirTran Airways
BWI,DTW,FL,AirTran Airways
BWI,FLL,FL,AirTran Airways
BWI,FNT,FL,AirTran Airways
BWI,IND,FL,AirTran Airways
BWI,ISP,FL,AirTran Airways
BWI,LAX,FL,AirTran Airways
BWI,MBJ,FL,AirTran Airways
BWI,MCO,FL,AirTran Airways
BWI,MEM,FL,AirTran Airways
BWI,MHT,FL,AirTran Airways
BWI,MSY,FL,AirTran Airways
BWI,NAS,FL,AirTran Airways
BWI,ORF,FL,AirTran Airways
BWI,PHX,FL,AirTran Airways
BWI,PIT,FL,AirTran Airways
BWI,PUJ,FL,AirTran Airways
BWI,PVD,FL,AirTran Airways
BWI,PWM,FL,AirTran Airways
BWI,RDU,FL,AirTran Airways
BWI,ROC,FL,AirTran Airways
BWI,RSW,FL,AirTran Airways
BWI,SAN,FL,AirTran Airways
BWI,SAT,FL,AirTran Airways
BWI,SDF,FL,AirTran Airways
BWI,SJU,FL,AirTran Airways
BWI,SLC,FL,AirTran Airways
BWI,STL,FL,AirTran Airways
BWI,TPA,FL,AirTran Airways
BWI,CHS,FL,AirTran Airways
BWI,HOU,FL,AirTran Airways
BWI,JAX,FL,AirTran Airways
BWI,LIT,FL,AirTran Airways
BWI,MKE,FL,AirTran Airways
BWI,OKC,FL,AirTran Airways
BWI,SEA,FL,AirTran Airways
EWR,BNA,FL,AirTran Airways
EWR,MSY,FL,AirTran Airways
FLL,ATL,FL,AirTran Airways
FLL,BUF,FL,AirTran Airways
FLL,AUS,FL,AirTran Airways
FLL,HOU,FL,AirTran Airways
FLL,MKE,FL,AirTran Airways
FLL,MSY,FL,AirTran Airways
FLL,PHX,FL,AirTran Airways
FLL,SFO,FL,AirTran Airways
FLL,SJU,FL,AirTran Airways
FLL,TPA,FL,AirTran Airways
FLL,ISP,FL,AirTran Airways
FLL,PHL,FL,AirTran Airways
FLL,STL,FL,AirTran Airways
TPA,ATL,FL,AirTran Airways
TPA,BHM,FL,AirTran Airways
TPA,BNA,FL,AirTran Airways
TPA,CAK,FL,AirTran Airways
TPA,CHS,FL,AirTran Airways
TPA,DAY,FL,AirTran Airways
TPA,EYW,FL,AirTran Airways
TPA,FNT,FL,AirTran Airways
TPA,HOU,FL,AirTran Airways
TPA,IAD,FL,AirTran Airways
TPA,IND,FL,AirTran Airways
TPA,ISP,FL,AirTran Airways
TPA,MEM,FL,AirTran Airways
TPA,MHT,FL,AirTran Airways
TPA,MKE,FL,AirTran Airways
TPA,MSY,FL,AirTran Airways
TPA,PIT,FL,AirTran Airways
TPA,RDU,FL,AirTran Airways
TPA,SAT,FL,AirTran Airways
TPA,STL,FL,AirTran Airways
TPA,BDL,FL,AirTran Airways
TPA,CMH,FL,AirTran Airways
TPA,PHX,FL,AirTran Airways
TPA,PVD,FL,AirTran Airways
TPA,SEA,FL,AirTran Airways
TPA,SJU,FL,AirTran Airways
AMA,DAL,FL,AirTran Airways
DAL,BHM,FL,AirTran Airways
DAL,AUS,FL,AirTran Airways
DAL,HOU,FL,AirTran Airways
DAL,LBB,FL,AirTran Airways
DAL,LIT,FL,AirTran Airways
DAL,MAF,FL,AirTran Airways
DAL,MSY,FL,AirTran Airways
DAL,OKC,FL,AirTran Airways
DAL,SAT,FL,AirTran Airways
DAL,SEA,FL,AirTran Airways
DAL,SFO,FL,AirTran Airways
DAL,SLC,FL,AirTran Airways
DAL,STL,FL,AirTran Airways
DAL,ICT,FL,AirTran Airways
ATL,AUA,FL,AirTran Airways
ATL,AUS,FL,AirTran Airways
ATL,BDL,FL,AirTran Airways
ATL,BOS,FL,AirTran Airways
ATL,CAK,FL,AirTran Airways
ATL,CMH,FL,AirTran Airways
ATL,CUN,FL,AirTran Airways
ATL,DAY,FL,AirTran Airways
ATL,DCA,FL,AirTran Airways
ATL,DTW,FL,AirTran Airways
ATL,HOU,FL,AirTran Airways
ATL,IND,FL,AirTran Airways
ATL,JAX,FL,AirTran Airways
ATL,LAX,FL,AirTran Airways
ATL,LGA,FL,AirTran Airways
ATL,MBJ,FL,AirTran Airways
ATL,MCO,FL,AirTran Airways
ATL,MKE,FL,AirTran Airways
ATL,MSP,FL,AirTran Airways
ATL,MSY,FL,AirTran Airways
ATL,NAS,FL,AirTran Airways
ATL,OKC,FL,AirTran Airways
ATL,ORF,FL,AirTran Airways
ATL,PBI,FL,AirTran Airways
ATL,PHL,FL,AirTran Airways
ATL,PHX,FL,AirTran Airways
ATL,PIT,FL,AirTran Airways
ATL,PUJ,FL,AirTran Airways
ATL,RDU,FL,AirTran Airways
ATL,RIC,FL,AirTran Airways
ATL,RSW,FL,AirTran Airways
ATL,SAN,FL,AirTran Airways
ATL,SAT,FL,AirTran Airways
ATL,SDF,FL,AirTran Airways
ATL,SFO,FL,AirTran Airways
ATL,SJU,FL,AirTran Airways
ATL,STL,FL,AirTran Airways
AUA,MCO,FL,AirTran Airways
AUS,CUN,FL,AirTran Airways
AUS,ELP,FL,AirTran Airways
AUS,HRL,FL,AirTran Airways
AUS,MCO,FL,AirTran Airways
AUS,OAK,FL,AirTran Airways
AUS,SJC,FL,AirTran Airways
AUS,SMF,FL,AirTran Airways
AUS,DFW,FL,AirTran Airways
AUS,HOU,FL,AirTran Airways
AUS,MSY,FL,AirTran Airways
BDL,MCO,FL,AirTran Airways
BOS,CAK,FL,AirTran Airways
BOS,MCO,FL,AirTran Airways
BOS,MKE,FL,AirTran Airways
CAK,LGA,FL,AirTran Airways
CAK,MCO,FL,AirTran Airways
CMH,RNO,FL,AirTran Airways
CMH,STL,FL,AirTran Airways
CMH,OAK,FL,AirTran Airways
CUN,MKE,FL,AirTran Airways
CUN,SAT,FL,AirTran Airways
DCA,MKE,FL,AirTran Airways
DCA,RSW,FL,AirTran Airways
DTW,LAX,FL,AirTran Airways
DTW,STL,FL,AirTran Airways
HOU,BNA,FL,AirTran Airways
HOU,CHS,FL,AirTran Airways
HOU,CLT,FL,AirTran Airways
HOU,CRP,FL,AirTran Airways
HOU,GSP,FL,AirTran Airways
HOU,HRL,FL,AirTran Airways
HOU,ISP,FL,AirTran Airways
HOU,LAX,FL,AirTran Airways
HOU,LIT,FL,AirTran Airways
HOU,MCO,FL,AirTran Airways
HOU,MSY,FL,AirTran Airways
HOU,OKC,FL,AirTran Airways
HOU,PHX,FL,AirTran Airways
HOU,PVD,FL,AirTran Airways
HOU,RDU,FL,AirTran Airways
HOU,SAT,FL,AirTran Airways
HOU,SNA,FL,AirTran Airways
HOU,TUL,FL,AirTran Airways
HOU,JAN,FL,AirTran Airways
HOU,MEM,FL,AirTran Airways
HOU,SAN,FL,AirTran Airways
IND,MCO,FL,AirTran Airways
LAX,ELP,FL,AirTran Airways
LAX,MKE,FL,AirTran Airways
LAX,OAK,FL,AirTran Airways
LAX,PWM,FL,AirTran Airways
LAX,RNO,FL,AirTran Airways
LAX,SAT,FL,AirTran Airways
LAX,SJC,FL,AirTran Airways
LAX,SMF,FL,AirTran Airways
LAX,STL,FL,AirTran Airways
LAX,TUS,FL,AirTran Airways
MBJ,MCO,FL,AirTran Airways
MCO,BHM,FL,AirTran Airways
MCO,BNA,FL,AirTran Airways
MCO,BUF,FL,AirTran Airways
MCO,CLT,FL,AirTran Airways
MCO,FNT,FL,AirTran Airways
MCO,ISP,FL,AirTran Airways
MCO,JAN,FL,AirTran Airways
MCO,MEM,FL,AirTran Airways
MCO,MKE,FL,AirTran Airways
MCO,MSP,FL,AirTran Airways
MCO,MSY,FL,AirTran Airways
MCO,ORF,FL,AirTran Airways
MCO,PHL,FL,AirTran Airways
MCO,PHX,FL,AirTran Airways
MCO,PIT,FL,AirTran Airways
MCO,PVD,FL,AirTran Airways
MCO,RDU,FL,AirTran Airways
MCO,SAT,FL,AirTran Airways
MCO,SDF,FL,AirTran Airways
MCO,SJU,FL,AirTran Airways
MCO,STL,FL,AirTran Airways
MCO,ROC,FL,AirTran Airways
MKE,MSP,FL,AirTran Airways
MKE,MSY,FL,AirTran Airways
MKE,PHX,FL,AirTran Airways
MKE,RSW,FL,AirTran Airways
MKE,SEA,FL,AirTran Airways
MKE,SFO,FL,AirTran Airways
MKE,STL,FL,AirTran Airways
MSP,MHT,FL,AirTran Airways
MSP,OAK,FL,AirTran Airways
MSP,PHX,FL,AirTran Airways
MSP,STL,FL,AirTran Airways
MSY,EYW,FL,AirTran Airways
MSY,SAN,FL,AirTran Airways
MSY,STL,FL,AirTran Airways
OKC,OAK,FL,AirTran Airways
OKC,STL,FL,AirTran Airways
ORF,SFO,FL,AirTran Airways
PHL,ELP,FL,AirTran Airways
PHL,ICT,FL,AirTran Airways
PHL,PHX,FL,AirTran Airways
PHL,STL,FL,AirTran Airways
PHX,DSM,FL,AirTran Airways
PHX,OAK,FL,AirTran Airways
PHX,ONT,FL,AirTran Airways
PHX,SAN,FL,AirTran Airways
PHX,SJC,FL,AirTran Airways
PHX,SNA,FL,AirTran Airways
PHX,SAT,FL,AirTran Airways
PHX,SEA,FL,AirTran Airways
PHX,SMF,FL,AirTran Airways
PIT,BNA,FL,AirTran Airways
RDU,BNA,FL,AirTran Airways
RDU,SFO,FL,AirTran Airways
RDU,STL,FL,AirTran Airways
SAN,OMA,FL,AirTran Airways
SAN,PVD,FL,AirTran Airways
SAN,RNO,FL,AirTran Airways
SAN,SAT,FL,AirTran Airways
SAN,SDF,FL,AirTran Airways
SAN,SJC,FL,AirTran Airways
SAN,SEA,FL,AirTran Airways
SAN,SMF,FL,AirTran Airways
SAT,ELP,FL,AirTran Airways
SAT,MEX,FL,AirTran Airways
SAT,STL,FL,AirTran Airways
SFO,SNA,FL,AirTran Airways
SJU,ONT,FL,AirTran Airways
STL,GRR,FL,AirTran Airways
STL,LIT,FL,AirTran Airways
STL,OMA,FL,AirTran Airways
STL,BNA,FL,AirTran Airways
STL,DFW,FL,AirTran Airways
HRL,MAF,FL,AirTran Airways
HRL,LBB,FL,AirTran Airways
OAK,SNA,FL,AirTran Airways
OAK,SEA,FL,AirTran Airways
OAK,SLC,FL,AirTran Airways
SJC,TUS,FL,AirTran Airways
SMF,SEA,FL,AirTran Airways
SMF,SNA,FL,AirTran Airways
BNA,CHS,FL,AirTran Airways
BNA,PVD,FL,AirTran Airways
PVD,SLC,FL,AirTran Airways
ISP,SNA,FL,AirTran Airways
MHT,SLC,FL,AirTran Airways
SLC,SEA,FL,AirTran Airways
SLC,TUS,FL,AirTran Airways
CRP,LBB,FL,AirTran Airways
SJD,SNA,FL,AirTran Airways
SNA,MEX,FL,AirTran Airways
