ABE,CLT,AA,American Airlines
ABE,PHL,AA,American Airlines
CLT,AGS,AA,American Airlines
CLT,ALB,AA,American Airlines
CLT,ANU,AA,American Airlines
CLT,ATL,AA,American Airlines
CLT,AUA,AA,American Airlines
CLT,AUS,AA,American Airlines
CLT,AVL,AA,American Airlines
CLT,AVP,AA,American Airlines
CLT,BDL,AA,American Airlines
CLT,BHM,AA,American Airlines
CLT,BNA,AA,American Airlines
CLT,BOS,AA,American Airlines
CLT,BTR,AA,American Airlines
CLT,BUF,AA,American Airlines
CLT,BWI,AA,American Airlines
CLT,BZE,AA,American Airlines
CLT,CAE,AA,American Airlines
CLT,CAK,AA,American Airlines
CLT,CDG,AA,American Airlines
CLT,CHA,AA,American Airlines
CLT,CHO,AA,American Airlines
CLT,CHS,AA,American Airlines
CLT,CLE,AA,American Airlines
CLT,CMH,AA,American Airlines
CLT,CRW,AA,American Airlines
CLT,CUN,AA,American Airlines
CLT,CVG,AA,American Airlines
CLT,CZM,AA,American Airlines
CLT,DAB,AA,American Airlines
CLT,DAY,AA,American Airlines
CLT,DCA,AA,American Airlines
CLT,DEN,AA,American Airlines
CLT,DFW,AA,American Airlines
CLT,DSM,AA,American Airlines
CLT,DTW,AA,American Airlines
CLT,DUB,AA,American Airlines
CLT,EWN,AA,American Airlines
CLT,EWR,AA,American Airlines
CLT,FAY,AA,American Airlines
CLT,FCO,AA,American Airlines
CLT,FLL,AA,American Airlines
CLT,FLO,AA,American Airlines
CLT,FPO,AA,American Airlines
CLT,FRA,AA,American Airlines
CLT,GCM,AA,American Airlines
CLT,GNV,AA,American Airlines
CLT,GPT,AA,American Airlines
CLT,GRU,AA,American Airlines
CLT,GSO,AA,American Airlines
CLT,GSP,AA,American Airlines
CLT,HHH,AA,American Airlines
CLT,HPN,AA,American Airlines
CLT,HSV,AA,American Airlines
CLT,HTS,AA,American Airlines
CLT,IAD,AA,American Airlines
CLT,IAH,AA,American Airlines
CLT,ILM,AA,American Airlines
CLT,IND,AA,American Airlines
CLT,JAN,AA,American Airlines
CLT,JAX,AA,American Airlines
CLT,JFK,AA,American Airlines
CLT,LAS,AA,American Airlines
CLT,LAX,AA,American Airlines
CLT,LEX,AA,American Airlines
CLT,LGA,AA,American Airlines
CLT,LHR,AA,American Airlines
CLT,LIR,AA,American Airlines
CLT,LIT,AA,American Airlines
CLT,LYH,AA,American Airlines
CLT,MBJ,AA,American Airlines
CLT,MCI,AA,American Airlines
CLT,MCO,AA,American Airlines
CLT,MDT,AA,American Airlines
CLT,MEM,AA,American Airlines
CLT,MEX,AA,American Airlines
CLT,MGM,AA,American Airlines
CLT,MHT,AA,American Airlines
CLT,MIA,AA,American Airlines
CLT,MKE,AA,American Airlines
CLT,MLB,AA,American Airlines
CLT,MOB,AA,American Airlines
CLT,MSP,AA,American Airlines
CLT,MSY,AA,American Airlines
CLT,MYR,AA,American Airlines
CLT,NAS,AA,American Airlines
CLT,OAJ,AA,American Airlines
CLT,OMA,AA,American Airlines
CLT,ORD,AA,American Airlines
CLT,ORF,AA,American Airlines
CLT,PBI,AA,American Airlines
CLT,PDX,AA,American Airlines
CLT,PGV,AA,American Airlines
CLT,PHF,AA,American Airlines
CLT,PHL,AA,American Airlines
CLT,PHX,AA,American Airlines
CLT,PIT,AA,American Airlines
CLT,PLS,AA,American Airlines
CLT,PNS,AA,American Airlines
CLT,PUJ,AA,American Airlines
CLT,PVD,AA,American Airlines
CLT,PWM,AA,American Airlines
CLT,RDU,AA,American Airlines
CLT,RIC,AA,American Airlines
CLT,ROA,AA,American Airlines
CLT,ROC,AA,American Airlines
CLT,RSW,AA,American Airlines
CLT,SAN,AA,American Airlines
CLT,SAT,AA,American Airlines
CLT,SAV,AA,American Airlines
CLT,SBY,AA,American Airlines
CLT,SDF,AA,American Airlines
CLT,SEA,AA,American Airlines
CLT,SFO,AA,American Airlines
CLT,SJD,AA,American Airlines
CLT,SJO,AA,American Airlines
CLT,SJU,AA,American Airlines
CLT,SLC,AA,American Airlines
CLT,SMF,AA,American Airlines
CLT,SRQ,AA,American Airlines
CLT,STL,AA,American Airlines
CLT,STT,AA,American Airlines
CLT,SXM,AA,American Airlines
CLT,SYR,AA,American Airlines
CLT,TLH,AA,American Airlines
CLT,TPA,AA,American Airlines
CLT,TRI,AA,American Airlines
CLT,TYS,AA,American Airlines
CLT,UVF,AA,American Airlines
CLT,VPS,AA,American Airlines
CLT,XNA,AA,American Airlines
CLT,YOW,AA,American Airlines
CLT,YUL,AA,American Airlines
CLT,YYZ,AA,American Airlines
CLT,GIG,AA,American Airlines
PHL,ALB,AA,American Airlines
PHL,AMS,AA,American Airlines
PHL,ART,AA,American Airlines
PHL,ATH,AA,American Airlines
PHL,ATL,AA,American Airlines
PHL,AUA,AA,American Airlines
PHL,AUS,AA,American Airlines
PHL,AVP,AA,American Airlines
PHL,BCN,AA,American Airlines
PHL,BDA,AA,American Airlines
PHL,BDL,AA,American Airlines
PHL,BGM,AA,American Airlines
PHL,BGR,AA,American Airlines
PHL,BHM,AA,American Airlines
PHL,BNA,AA,American Airlines
PHL,BOS,AA,American Airlines
PHL,BRU,AA,American Airlines
PHL,BTV,AA,American Airlines
PHL,BUF,AA,American Airlines
PHL,BWI,AA,American Airlines
PHL,CAE,AA,American Airlines
PHL,CAK,AA,American Airlines
PHL,CDG,AA,American Airlines
PHL,CHO,AA,American Airlines
PHL,CHS,AA,American Airlines
PHL,CLE,AA,American Airlines
PHL,CMH,AA,American Airlines
PHL,CUN,AA,American Airlines
PHL,CVG,AA,American Airlines
PHL,DAY,AA,American Airlines
PHL,DCA,AA,American Airlines
PHL,DEN,AA,American Airlines
PHL,DFW,AA,American Airlines
PHL,DOH,AA,American Airlines
PHL,DTW,AA,American Airlines
PHL,DUB,AA,American Airlines
PHL,ELM,AA,American Airlines
PHL,ERI,AA,American Airlines
PHL,EWR,AA,American Airlines
PHL,FCO,AA,American Airlines
PHL,FLL,AA,American Airlines
PHL,FRA,AA,American Airlines
PHL,GCM,AA,American Airlines
PHL,GLA,AA,American Airlines
PHL,GSO,AA,American Airlines
PHL,GSP,AA,American Airlines
PHL,HPN,AA,American Airlines
PHL,HVN,AA,American Airlines
PHL,IAH,AA,American Airlines
PHL,ILM,AA,American Airlines
PHL,IND,AA,American Airlines
PHL,IPT,AA,American Airlines
PHL,ISP,AA,American Airlines
PHL,ITH,AA,American Airlines
PHL,JAX,AA,American Airlines
PHL,LAS,AA,American Airlines
PHL,LAX,AA,American Airlines
PHL,LGA,AA,American Airlines
PHL,LHR,AA,American Airlines
PHL,LIS,AA,American Airlines
PHL,MAD,AA,American Airlines
PHL,MAN,AA,American Airlines
PHL,MBJ,AA,American Airlines
PHL,MCI,AA,American Airlines
PHL,MCO,AA,American Airlines
PHL,MDT,AA,American Airlines
PHL,MHT,AA,American Airlines
PHL,MIA,AA,American Airlines
PHL,MKE,AA,American Airlines
PHL,MSP,AA,American Airlines
PHL,MSY,AA,American Airlines
PHL,MUC,AA,American Airlines
PHL,MYR,AA,American Airlines
PHL,NAS,AA,American Airlines
PHL,ORD,AA,American Airlines
PHL,ORF,AA,American Airlines
PHL,PBI,AA,American Airlines
PHL,PDX,AA,American Airlines
PHL,PHF,AA,American Airlines
PHL,PHX,AA,American Airlines
PHL,PIT,AA,American Airlines
PHL,PLS,AA,American Airlines
PHL,PUJ,AA,American Airlines
PHL,PVD,AA,American Airlines
PHL,PWM,AA,American Airlines
PHL,RDU,AA,American Airlines
PHL,RIC,AA,American Airlines
PHL,ROA,AA,American Airlines
PHL,ROC,AA,American Airlines
PHL,RSW,AA,American Airlines
PHL,SAN,AA,American Airlines
PHL,SAT,AA,American Airlines
PHL,SAV,AA,American Airlines
PHL,SBY,AA,American Airlines
PHL,SCE,AA,American Airlines
PHL,SDF,AA,American Airlines
PHL,SDQ,AA,American Airlines
PHL,SEA,AA,American Airlines
PHL,SFO,AA,American Airlines
PHL,SJU,AA,American Airlines
PHL,SLC,AA,American Airlines
PHL,STL,AA,American Airlines
PHL,STT,AA,American Airlines
PHL,SWF,AA,American Airlines
PHL,SXM,AA,American Airlines
PHL,SYR,AA,American Airlines
PHL,TLV,AA,American Airlines
PHL,TPA,AA,American Airlines
PHL,TYS,AA,American Airlines
PHL,VCE,AA,American Airlines
PHL,YHZ,AA,American Airlines
PHL,YOW,AA,American Airlines
PHL,YQB,AA,American Airlines
PHL,YUL,AA,American Airlines
PHL,YYZ,AA,American Airlines
PHL,ZRH,AA,American Airlines
ABI,DFW,AA,American Airlines
DFW,ABQ,AA,American Airlines
DFW,ACT,AA,American Airlines
DFW,AEX,AA,American Airlines
DFW,AGU,AA,American Airlines
DFW,AMA,AA,American Airlines
DFW,ATL,AA,American Airlines
DFW,AUS,AA,American Airlines
DFW,BDL,AA,American Airlines
DFW,BHM,AA,American Airlines
DFW,BJX,AA,American Airlines
DFW,BMI,AA,American Airlines
DFW,BNA,AA,American Airlines
DFW,BOG,AA,American Airlines
DFW,BOS,AA,American Airlines
DFW,BPT,AA,American Airlines
DFW,BRO,AA,American Airlines
DFW,BTR,AA,American Airlines
DFW,BWI,AA,American Airlines
DFW,BZE,AA,American Airlines
DFW,CAE,AA,American Airlines
DFW,CCS,AA,American Airlines
DFW,CDG,AA,American Airlines
DFW,CHA,AA,American Airlines
DFW,CHS,AA,American Airlines
DFW,CID,AA,American Airlines
DFW,CLE,AA,American Airlines
DFW,CLL,AA,American Airlines
DFW,CMH,AA,American Airlines
DFW,CMI,AA,American Airlines
DFW,COS,AA,American Airlines
DFW,COU,AA,American Airlines
DFW,CRP,AA,American Airlines
DFW,CUN,AA,American Airlines
DFW,CUU,AA,American Airlines
DFW,CVG,AA,American Airlines
DFW,CZM,AA,American Airlines
DFW,DAY,AA,American Airlines
DFW,DCA,AA,American Airlines
DFW,DEN,AA,American Airlines
DFW,BNE,AA,American Airlines
DFW,CRW,AA,American Airlines
DFW,DRO,AA,American Airlines
DFW,DSM,AA,American Airlines
DFW,DTW,AA,American Airlines
DFW,ELP,AA,American Airlines
DFW,EVV,AA,American Airlines
DFW,EWR,AA,American Airlines
DFW,EZE,AA,American Airlines
DFW,FAR,AA,American Airlines
DFW,FAT,AA,American Airlines
DFW,FLL,AA,American Airlines
DFW,FRA,AA,American Airlines
DFW,FSD,AA,American Airlines
DFW,FSM,AA,American Airlines
DFW,FWA,AA,American Airlines
DFW,GCK,AA,American Airlines
DFW,GDL,AA,American Airlines
DFW,GGG,AA,American Airlines
DFW,GIG,AA,American Airlines
DFW,GJT,AA,American Airlines
DFW,GPT,AA,American Airlines
DFW,GRI,AA,American Airlines
DFW,GRK,AA,American Airlines
DFW,GRR,AA,American Airlines
DFW,GRU,AA,American Airlines
DFW,GSO,AA,American Airlines
DFW,GSP,AA,American Airlines
DFW,GUA,AA,American Airlines
DFW,HNL,AA,American Airlines
DFW,HOU,AA,American Airlines
DFW,HSV,AA,American Airlines
DFW,IAD,AA,American Airlines
DFW,IAH,AA,American Airlines
DFW,ICN,AA,American Airlines
DFW,ICT,AA,American Airlines
DFW,IND,AA,American Airlines
DFW,JAN,AA,American Airlines
DFW,JAX,AA,American Airlines
DFW,JFK,AA,American Airlines
DFW,JLN,AA,American Airlines
DFW,LAS,AA,American Airlines
DFW,LAW,AA,American Airlines
DFW,LAX,AA,American Airlines
DFW,LBB,AA,American Airlines
DFW,LCH,AA,American Airlines
DFW,LEX,AA,American Airlines
DFW,LFT,AA,American Airlines
DFW,LGA,AA,American Airlines
DFW,LHR,AA,American Airlines
DFW,LIM,AA,American Airlines
DFW,LIR,AA,American Airlines
DFW,LIT,AA,American Airlines
DFW,LRD,AA,American Airlines
DFW,MAD,AA,American Airlines
DFW,MAF,AA,American Airlines
DFW,MBJ,AA,American Airlines
DFW,MCI,AA,American Airlines
DFW,MCO,AA,American Airlines
DFW,MEM,AA,American Airlines
DFW,MEX,AA,American Airlines
DFW,MFE,AA,American Airlines
DFW,MGM,AA,American Airlines
DFW,MHK,AA,American Airlines
DFW,MIA,AA,American Airlines
DFW,MKE,AA,American Airlines
DFW,MLI,AA,American Airlines
DFW,MLM,AA,American Airlines
DFW,MLU,AA,American Airlines
DFW,MOB,AA,American Airlines
DFW,MSN,AA,American Airlines
DFW,MSP,AA,American Airlines
DFW,MSY,AA,American Airlines
DFW,MTY,AA,American Airlines
DFW,MZT,AA,American Airlines
DFW,NAS,AA,American Airlines
DFW,NRT,AA,American Airlines
DFW,OGG,AA,American Airlines
DFW,OKC,AA,American Airlines
DFW,OMA,AA,American Airlines
DFW,ONT,AA,American Airlines
DFW,ORD,AA,American Airlines
DFW,ORF,AA,American Airlines
DFW,PBC,AA,American Airlines
DFW,PBI,AA,American Airlines
DFW,PDX,AA,American Airlines
DFW,PHX,AA,American Airlines
DFW,PIA,AA,American Airlines
DFW,PIT,AA,American Airlines
DFW,PLS,AA,American Airlines
DFW,PNS,AA,American Airlines
DFW,PSP,AA,American Airlines
DFW,PTY,AA,American Airlines
DFW,PVR,AA,American Airlines
DFW,QRO,AA,American Airlines
DFW,RAP,AA,American Airlines
DFW,RDU,AA,American Airlines
DFW,RIC,AA,American Airlines
DFW,RNO,AA,American Airlines
DFW,ROW,AA,American Airlines
DFW,RSW,AA,American Airlines
DFW,RTB,AA,American Airlines
DFW,SAF,AA,American Airlines
DFW,SAL,AA,American Airlines
DFW,SAN,AA,American Airlines
DFW,SAT,AA,American Airlines
DFW,SAV,AA,American Airlines
DFW,SCL,AA,American Airlines
DFW,SDF,AA,American Airlines
DFW,SEA,AA,American Airlines
DFW,SFO,AA,American Airlines
DFW,SGF,AA,American Airlines
DFW,SHV,AA,American Airlines
DFW,SJC,AA,American Airlines
DFW,SJD,AA,American Airlines
DFW,SJO,AA,American Airlines
DFW,SJT,AA,American Airlines
DFW,SJU,AA,American Airlines
DFW,SLC,AA,American Airlines
DFW,SLP,AA,American Airlines
DFW,SMF,AA,American Airlines
DFW,SNA,AA,American Airlines
DFW,SPI,AA,American Airlines
DFW,SPS,AA,American Airlines
DFW,STL,AA,American Airlines
DFW,TLH,AA,American Airlines
DFW,TPA,AA,American Airlines
DFW,TRC,AA,American Airlines
DFW,TUL,AA,American Airlines
DFW,TUS,AA,American Airlines
DFW,TXK,AA,American Airlines
DFW,TYR,AA,American Airlines
DFW,TYS,AA,American Airlines
DFW,VPS,AA,American Airlines
DFW,XNA,AA,American Airlines
DFW,YEG,AA,American Airlines
DFW,YUL,AA,American Airlines
DFW,YVR,AA,American Airlines
DFW,YYC,AA,American Airlines
DFW,YYZ,AA,American Airlines
DFW,ZCL,AA,American Airlines
DFW,SYD,AA,American Airlines
ABQ,LAX,AA,American Airlines
ABQ,ORD,AA,American Airlines
ABQ,PHX,AA,American Airlines
LAX,ANC,AA,American Airlines
LAX,AUS,AA,American Airlines
LAX,BDL,AA,American Airlines
LAX,BNA,AA,American Airlines
LAX,BNE,AA,American Airlines
LAX,BOS,AA,American Airlines
LAX,CMH,AA,American Airlines
LAX,DCA,AA,American Airlines
LAX,DEN,AA,American Airlines
LAX,DUS,AA,American Airlines
LAX,ELP,AA,American Airlines
LAX,EUG,AA,American Airlines
LAX,FAT,AA,American Airlines
LAX,GDL,AA,American Airlines
LAX,GRU,AA,American Airlines
LAX,HKG,AA,American Airlines
LAX,HNL,AA,American Airlines
LAX,IAD,AA,American Airlines
LAX,IAH,AA,American Airlines
LAX,IND,AA,American Airlines
LAX,JFK,AA,American Airlines
LAX,KOA,AA,American Airlines
LAX,LAS,AA,American Airlines
LAX,LHR,AA,American Airlines
LAX,LIH,AA,American Airlines
LAX,LIM,AA,American Airlines
LAX,MAD,AA,American Airlines
LAX,MCO,AA,American Airlines
LAX,MEL,AA,American Airlines
LAX,MEX,AA,American Airlines
LAX,MFR,AA,American Airlines
LAX,MIA,AA,American Airlines
LAX,MMH,AA,American Airlines
LAX,MRY,AA,American Airlines
LAX,NAN,AA,American Airlines
LAX,NRT,AA,American Airlines
LAX,OGG,AA,American Airlines
LAX,OKC,AA,American Airlines
LAX,ORD,AA,American Airlines
LAX,PBI,AA,American Airlines
LAX,PDX,AA,American Airlines
LAX,PHX,AA,American Airlines
LAX,PIT,AA,American Airlines
LAX,PPT,AA,American Airlines
LAX,PVG,AA,American Airlines
LAX,RDM,AA,American Airlines
LAX,RDU,AA,American Airlines
LAX,RNO,AA,American Airlines
LAX,SAF,AA,American Airlines
LAX,SAN,AA,American Airlines
LAX,SEA,AA,American Airlines
LAX,SFO,AA,American Airlines
LAX,SJC,AA,American Airlines
LAX,SJD,AA,American Airlines
LAX,SLC,AA,American Airlines
LAX,SMF,AA,American Airlines
LAX,STL,AA,American Airlines
LAX,STS,AA,American Airlines
LAX,SYD,AA,American Airlines
LAX,TUS,AA,American Airlines
LAX,XNA,AA,American Airlines
LAX,YEG,AA,American Airlines
LAX,YVR,AA,American Airlines
LAX,YYC,AA,American Airlines
LAX,YYZ,AA,American Airlines
ORD,ALO,AA,American Airlines
ORD,AMM,AA,American Airlines
ORD,ART,AA,American Airlines
ORD,ATL,AA,American Airlines
ORD,AUH,AA,American Airlines
ORD,AUS,AA,American Airlines
ORD,AZO,AA,American Airlines
ORD,BDL,AA,American Airlines
ORD,BMI,AA,American Airlines
ORD,BNA,AA,American Airlines
ORD,BOS,AA,American Airlines
ORD,BUF,AA,American Airlines
ORD,BWI,AA,American Airlines
ORD,CDG,AA,American Airlines
ORD,CHA,AA,American Airlines
ORD,CHO,AA,American Airlines
ORD,CID,AA,American Airlines
ORD,CLE,AA,American Airlines
ORD,CMH,AA,American Airlines
ORD,CMI,AA,American Airlines
ORD,COU,AA,American Airlines
ORD,CUN,AA,American Airlines
ORD,CVG,AA,American Airlines
ORD,CWA,AA,American Airlines
ORD,DAY,AA,American Airlines
ORD,DBQ,AA,American Airlines
ORD,DCA,AA,American Airlines
ORD,DEN,AA,American Airlines
ORD,DOH,AA,American Airlines
ORD,DSM,AA,American Airlines
ORD,DTW,AA,American Airlines
ORD,DUB,AA,American Airlines
ORD,DUS,AA,American Airlines
ORD,ELP,AA,American Airlines
ORD,EVV,AA,American Airlines
ORD,EWR,AA,American Airlines
ORD,FAR,AA,American Airlines
ORD,FCO,AA,American Airlines
ORD,FLL,AA,American Airlines
ORD,FNT,AA,American Airlines
ORD,FSD,AA,American Airlines
ORD,FWA,AA,American Airlines
ORD,GRB,AA,American Airlines
ORD,GRR,AA,American Airlines
ORD,HKG,AA,American Airlines
ORD,HPN,AA,American Airlines
ORD,HSV,AA,American Airlines
ORD,IAH,AA,American Airlines
ORD,ICT,AA,American Airlines
ORD,IND,AA,American Airlines
ORD,JAX,AA,American Airlines
ORD,JFK,AA,American Airlines
ORD,LAS,AA,American Airlines
ORD,LEX,AA,American Airlines
ORD,LGA,AA,American Airlines
ORD,LHR,AA,American Airlines
ORD,LIT,AA,American Airlines
ORD,LSE,AA,American Airlines
ORD,MAD,AA,American Airlines
ORD,MAN,AA,American Airlines
ORD,MBJ,AA,American Airlines
ORD,MCI,AA,American Airlines
ORD,MCO,AA,American Airlines
ORD,MDT,AA,American Airlines
ORD,MEM,AA,American Airlines
ORD,MEX,AA,American Airlines
ORD,MHK,AA,American Airlines
ORD,MIA,AA,American Airlines
ORD,MKE,AA,American Airlines
ORD,MLI,AA,American Airlines
ORD,MQT,AA,American Airlines
ORD,MSN,AA,American Airlines
ORD,MSP,AA,American Airlines
ORD,MSY,AA,American Airlines
ORD,NRT,AA,American Airlines
ORD,OKC,AA,American Airlines
ORD,OMA,AA,American Airlines
ORD,PBI,AA,American Airlines
ORD,PDX,AA,American Airlines
ORD,PEK,AA,American Airlines
ORD,PHX,AA,American Airlines
ORD,PIA,AA,American Airlines
ORD,PIT,AA,American Airlines
ORD,PSP,AA,American Airlines
ORD,PVG,AA,American Airlines
ORD,PVR,AA,American Airlines
ORD,RDU,AA,American Airlines
ORD,RIC,AA,American Airlines
ORD,RNO,AA,American Airlines
ORD,ROC,AA,American Airlines
ORD,RST,AA,American Airlines
ORD,RSW,AA,American Airlines
ORD,SAN,AA,American Airlines
ORD,SAT,AA,American Airlines
ORD,SDF,AA,American Airlines
ORD,SEA,AA,American Airlines
ORD,SFO,AA,American Airlines
ORD,SGF,AA,American Airlines
ORD,SJC,AA,American Airlines
ORD,SJD,AA,American Airlines
ORD,SJU,AA,American Airlines
ORD,SLC,AA,American Airlines
ORD,SNA,AA,American Airlines
ORD,STL,AA,American Airlines
ORD,SUX,AA,American Airlines
ORD,SYR,AA,American Airlines
ORD,TOL,AA,American Airlines
ORD,TPA,AA,American Airlines
ORD,TUL,AA,American Airlines
ORD,TUS,AA,American Airlines
ORD,TVC,AA,American Airlines
ORD,TXL,AA,American Airlines
ORD,TYS,AA,American Airlines
ORD,XNA,AA,American Airlines
ORD,YKF,AA,American Airlines
ORD,YUL,AA,American Airlines
ORD,YVR,AA,American Airlines
ORD,YYC,AA,American Airlines
ORD,YYZ,AA,American Airlines
PHX,ANC,AA,American Airlines
PHX,ATL,AA,American Airlines
PHX,AUS,AA,American Airlines
PHX,BFL,AA,American Airlines
PHX,BOI,AA,American Airlines
PHX,BOS,AA,American Airlines
PHX,BUR,AA,American Airlines
PHX,BWI,AA,American Airlines
PHX,CMH,AA,American Airlines
PHX,CUN,AA,American Airlines
PHX,DCA,AA,American Airlines
PHX,DEN,AA,American Airlines
PHX,DRO,AA,American Airlines
PHX,DSM,AA,American Airlines
PHX,DTW,AA,American Airlines
PHX,ELP,AA,American Airlines
PHX,EWR,AA,American Airlines
PHX,FAT,AA,American Airlines
PHX,FLG,AA,American Airlines
PHX,FLL,AA,American Airlines
PHX,GDL,AA,American Airlines
PHX,GEG,AA,American Airlines
PHX,GJT,AA,American Airlines
PHX,HMO,AA,American Airlines
PHX,HNL,AA,American Airlines
PHX,IAH,AA,American Airlines
PHX,IND,AA,American Airlines
PHX,JFK,AA,American Airlines
PHX,KOA,AA,American Airlines
PHX,LAS,AA,American Airlines
PHX,LGB,AA,American Airlines
PHX,LHR,AA,American Airlines
PHX,LIH,AA,American Airlines
PHX,MCI,AA,American Airlines
PHX,MCO,AA,American Airlines
PHX,MEX,AA,American Airlines
PHX,MIA,AA,American Airlines
PHX,MKE,AA,American Airlines
PHX,MRY,AA,American Airlines
PHX,MSP,AA,American Airlines
PHX,MZT,AA,American Airlines
PHX,OAK,AA,American Airlines
PHX,OGG,AA,American Airlines
PHX,OMA,AA,American Airlines
PHX,ONT,AA,American Airlines
PHX,PDX,AA,American Airlines
PHX,PIT,AA,American Airlines
PHX,PSP,AA,American Airlines
PHX,PVR,AA,American Airlines
PHX,RNO,AA,American Airlines
PHX,SAN,AA,American Airlines
PHX,SAT,AA,American Airlines
PHX,SBA,AA,American Airlines
PHX,SBP,AA,American Airlines
PHX,SEA,AA,American Airlines
PHX,SFO,AA,American Airlines
PHX,SJC,AA,American Airlines
PHX,SJD,AA,American Airlines
PHX,SLC,AA,American Airlines
PHX,SMF,AA,American Airlines
PHX,SNA,AA,American Airlines
PHX,STL,AA,American Airlines
PHX,TPA,AA,American Airlines
PHX,TUS,AA,American Airlines
PHX,YEG,AA,American Airlines
PHX,YUM,AA,American Airlines
PHX,YVR,AA,American Airlines
PHX,YYC,AA,American Airlines
PHX,ZIH,AA,American Airlines
ABZ,LHR,AA,American Airlines
LHR,ACC,AA,American Airlines
LHR,AGP,AA,American Airlines
LHR,AMS,AA,American Airlines
LHR,ARN,AA,American Airlines
LHR,ATH,AA,American Airlines
LHR,ATL,AA,American Airlines
LHR,AUH,AA,American Airlines
LHR,AUS,AA,American Airlines
LHR,BAH,AA,American Airlines
LHR,BCN,AA,American Airlines
LHR,BGO,AA,American Airlines
LHR,BHD,AA,American Airlines
LHR,BLQ,AA,American Airlines
LHR,BLR,AA,American Airlines
LHR,BOM,AA,American Airlines
LHR,BOS,AA,American Airlines
LHR,BRU,AA,American Airlines
LHR,BSL,AA,American Airlines
LHR,BUD,AA,American Airlines
LHR,BWI,AA,American Airlines
LHR,CDG,AA,American Airlines
LHR,CPH,AA,American Airlines
LHR,CPT,AA,American Airlines
LHR,DEL,AA,American Airlines
LHR,DEN,AA,American Airlines
LHR,DUB,AA,American Airlines
LHR,DUS,AA,American Airlines
LHR,DXB,AA,American Airlines
LHR,EBB,AA,American Airlines
LHR,EDI,AA,American Airlines
LHR,EWR,AA,American Airlines
LHR,FCO,AA,American Airlines
LHR,FRA,AA,American Airlines
LHR,GIB,AA,American Airlines
LHR,GLA,AA,American Airlines
LHR,GOT,AA,American Airlines
LHR,GVA,AA,American Airlines
LHR,HAJ,AA,American Airlines
LHR,HAM,AA,American Airlines
LHR,HEL,AA,American Airlines
LHR,HYD,AA,American Airlines
LHR,IAD,AA,American Airlines
LHR,IAH,AA,American Airlines
LHR,IST,AA,American Airlines
LHR,JFK,AA,American Airlines
LHR,JNB,AA,American Airlines
LHR,KUL,AA,American Airlines
LHR,KWI,AA,American Airlines
LHR,LAS,AA,American Airlines
LHR,LBA,AA,American Airlines
LHR,LCA,AA,American Airlines
LHR,LIN,AA,American Airlines
LHR,LIS,AA,American Airlines
LHR,LUX,AA,American Airlines
LHR,LYS,AA,American Airlines
LHR,MAA,AA,American Airlines
LHR,MAN,AA,American Airlines
LHR,MIA,AA,American Airlines
LHR,MRS,AA,American Airlines
LHR,MUC,AA,American Airlines
LHR,MXP,AA,American Airlines
LHR,NBO,AA,American Airlines
LHR,NCE,AA,American Airlines
LHR,NCL,AA,American Airlines
LHR,OSL,AA,American Airlines
LHR,OTP,AA,American Airlines
LHR,PRG,AA,American Airlines
LHR,PSA,AA,American Airlines
LHR,RDU,AA,American Airlines
LHR,RTM,AA,American Airlines
LHR,SAN,AA,American Airlines
LHR,SEA,AA,American Airlines
LHR,SFO,AA,American Airlines
LHR,SOF,AA,American Airlines
LHR,STR,AA,American Airlines
LHR,SVG,AA,American Airlines
LHR,TLS,AA,American Airlines
LHR,TXL,AA,American Airlines
LHR,VCE,AA,American Airlines
LHR,VIE,AA,American Airlines
LHR,WAW,AA,American Airlines
LHR,YUL,AA,American Airlines
LHR,YVR,AA,American Airlines
LHR,YYC,AA,American Airlines
LHR,YYZ,AA,American Airlines
LHR,ZAG,AA,American Airlines
LHR,ZRH,AA,American Airlines
ADL,BNE,AA,American Airlines
ADL,SYD,AA,American Airlines
ADL,MEL,AA,American Airlines
BNE,AKL,AA,American Airlines
BNE,CBR,AA,American Airlines
BNE,CNS,AA,American Airlines
BNE,DRW,AA,American Airlines
BNE,MEL,AA,American Airlines
BNE,PER,AA,American Airlines
BNE,SYD,AA,American Airlines
BNE,TSV,AA,American Airlines
SYD,AKL,AA,American Airlines
SYD,ASP,AA,American Airlines
SYD,CBR,AA,American Airlines
SYD,CHC,AA,American Airlines
SYD,DRW,AA,American Airlines
SYD,HNL,AA,American Airlines
SYD,MEL,AA,American Airlines
SYD,PER,AA,American Airlines
SYD,CNS,AA,American Airlines
AGS,DCA,AA,American Airlines
DCA,ALB,AA,American Airlines
DCA,BDL,AA,American Airlines
DCA,BGR,AA,American Airlines
DCA,BHM,AA,American Airlines
DCA,BNA,AA,American Airlines
DCA,BOS,AA,American Airlines
DCA,BTV,AA,American Airlines
DCA,BUF,AA,American Airlines
DCA,CAE,AA,American Airlines
DCA,CAK,AA,American Airlines
DCA,CHA,AA,American Airlines
DCA,CHS,AA,American Airlines
DCA,CMH,AA,American Airlines
DCA,CVG,AA,American Airlines
DCA,DAY,AA,American Airlines
DCA,CRW,AA,American Airlines
DCA,DSM,AA,American Airlines
DCA,DTW,AA,American Airlines
DCA,FAY,AA,American Airlines
DCA,FLL,AA,American Airlines
DCA,GSO,AA,American Airlines
DCA,GSP,AA,American Airlines
DCA,HHH,AA,American Airlines
DCA,HPN,AA,American Airlines
DCA,HSV,AA,American Airlines
DCA,ILM,AA,American Airlines
DCA,IND,AA,American Airlines
DCA,ISP,AA,American Airlines
DCA,JAN,AA,American Airlines
DCA,JAX,AA,American Airlines
DCA,JFK,AA,American Airlines
DCA,LAS,AA,American Airlines
DCA,LGA,AA,American Airlines
DCA,LIT,AA,American Airlines
DCA,MCI,AA,American Airlines
DCA,MCO,AA,American Airlines
DCA,MEM,AA,American Airlines
DCA,MHT,AA,American Airlines
DCA,MIA,AA,American Airlines
DCA,MSP,AA,American Airlines
DCA,MSY,AA,American Airlines
DCA,MYR,AA,American Airlines
DCA,NAS,AA,American Airlines
DCA,OAJ,AA,American Airlines
DCA,OMA,AA,American Airlines
DCA,ORF,AA,American Airlines
DCA,PBI,AA,American Airlines
DCA,PDX,AA,American Airlines
DCA,PIT,AA,American Airlines
DCA,PNS,AA,American Airlines
DCA,PVD,AA,American Airlines
DCA,PWM,AA,American Airlines
DCA,RDU,AA,American Airlines
DCA,ROC,AA,American Airlines
DCA,RSW,AA,American Airlines
DCA,SAN,AA,American Airlines
DCA,SAV,AA,American Airlines
DCA,SDF,AA,American Airlines
DCA,SRQ,AA,American Airlines
DCA,STL,AA,American Airlines
DCA,SYR,AA,American Airlines
DCA,TLH,AA,American Airlines
DCA,TPA,AA,American Airlines
DCA,TYS,AA,American Airlines
DCA,VPS,AA,American Airlines
DCA,YHZ,AA,American Airlines
DCA,YUL,AA,American Airlines
DCA,YYZ,AA,American Airlines
AKL,PPT,AA,American Airlines
AMM,JFK,AA,American Airlines
AMM,YUL,AA,American Airlines
JFK,ANU,AA,American Airlines
JFK,AUH,AA,American Airlines
JFK,AUS,AA,American Airlines
JFK,BCN,AA,American Airlines
JFK,BDA,AA,American Airlines
JFK,BNA,AA,American Airlines
JFK,BOS,AA,American Airlines
JFK,BWI,AA,American Airlines
JFK,CCS,AA,American Airlines
JFK,CDG,AA,American Airlines
JFK,CLE,AA,American Airlines
JFK,CMH,AA,American Airlines
JFK,CUN,AA,American Airlines
JFK,CVG,AA,American Airlines
JFK,DOH,AA,American Airlines
JFK,DUB,AA,American Airlines
JFK,DUS,AA,American Airlines
JFK,EZE,AA,American Airlines
JFK,FCO,AA,American Airlines
JFK,GIG,AA,American Airlines
JFK,GRU,AA,American Airlines
JFK,GYE,AA,American Airlines
JFK,HEL,AA,American Airlines
JFK,HKG,AA,American Airlines
JFK,IND,AA,American Airlines
JFK,LAS,AA,American Airlines
JFK,LCY,AA,American Airlines
JFK,LIM,AA,American Airlines
JFK,MAD,AA,American Airlines
JFK,MAN,AA,American Airlines
JFK,MCO,AA,American Airlines
JFK,MIA,AA,American Airlines
JFK,MXP,AA,American Airlines
JFK,NRT,AA,American Airlines
JFK,ORF,AA,American Airlines
JFK,ORY,AA,American Airlines
JFK,PAP,AA,American Airlines
JFK,PIT,AA,American Airlines
JFK,RDU,AA,American Airlines
JFK,SAN,AA,American Airlines
JFK,SCL,AA,American Airlines
JFK,SEA,AA,American Airlines
JFK,SFO,AA,American Airlines
JFK,SJO,AA,American Airlines
JFK,SJU,AA,American Airlines
JFK,STT,AA,American Airlines
JFK,SXM,AA,American Airlines
JFK,TPA,AA,American Airlines
JFK,TXL,AA,American Airlines
JFK,YUL,AA,American Airlines
JFK,YYC,AA,American Airlines
JFK,YYZ,AA,American Airlines
JFK,ZRH,AA,American Airlines
YUL,DTW,AA,American Airlines
YUL,LGA,AA,American Airlines
YUL,MIA,AA,American Airlines
ANU,MIA,AA,American Airlines
MIA,ASU,AA,American Airlines
MIA,ATL,AA,American Airlines
MIA,AUA,AA,American Airlines
MIA,BCN,AA,American Airlines
MIA,BDA,AA,American Airlines
MIA,BDL,AA,American Airlines
MIA,BGI,AA,American Airlines
MIA,BHM,AA,American Airlines
MIA,BNA,AA,American Airlines
MIA,BOG,AA,American Airlines
MIA,BOS,AA,American Airlines
MIA,BSB,AA,American Airlines
MIA,BWI,AA,American Airlines
MIA,BZE,AA,American Airlines
MIA,CCS,AA,American Airlines
MIA,CDG,AA,American Airlines
MIA,CHS,AA,American Airlines
MIA,CLE,AA,American Airlines
MIA,CLO,AA,American Airlines
MIA,CMH,AA,American Airlines
MIA,CNF,AA,American Airlines
MIA,CUN,AA,American Airlines
MIA,CUR,AA,American Airlines
MIA,CVG,AA,American Airlines
MIA,CZM,AA,American Airlines
MIA,DEN,AA,American Airlines
MIA,DTW,AA,American Airlines
MIA,DUS,AA,American Airlines
MIA,ELH,AA,American Airlines
MIA,EWR,AA,American Airlines
MIA,EYW,AA,American Airlines
MIA,EZE,AA,American Airlines
MIA,FDF,AA,American Airlines
MIA,FPO,AA,American Airlines
MIA,GCM,AA,American Airlines
MIA,GGT,AA,American Airlines
MIA,GIG,AA,American Airlines
MIA,GND,AA,American Airlines
MIA,GNV,AA,American Airlines
MIA,GRU,AA,American Airlines
MIA,GSO,AA,American Airlines
MIA,GUA,AA,American Airlines
MIA,GYE,AA,American Airlines
MIA,IAD,AA,American Airlines
MIA,IAH,AA,American Airlines
MIA,IND,AA,American Airlines
MIA,JAX,AA,American Airlines
MIA,KIN,AA,American Airlines
MIA,LAS,AA,American Airlines
MIA,LGA,AA,American Airlines
MIA,LIM,AA,American Airlines
MIA,LIR,AA,American Airlines
MIA,LRM,AA,American Airlines
MIA,MAD,AA,American Airlines
MIA,MAO,AA,American Airlines
MIA,MAR,AA,American Airlines
MIA,MBJ,AA,American Airlines
MIA,MCO,AA,American Airlines
MIA,MDE,AA,American Airlines
MIA,MEM,AA,American Airlines
MIA,MEX,AA,American Airlines
MIA,MGA,AA,American Airlines
MIA,MHH,AA,American Airlines
MIA,CWB,AA,American Airlines
MIA,LPB,AA,American Airlines
MIA,MSP,AA,American Airlines
MIA,MSY,AA,American Airlines
MIA,MVD,AA,American Airlines
MIA,MXP,AA,American Airlines
MIA,NAS,AA,American Airlines
MIA,ORF,AA,American Airlines
MIA,PAP,AA,American Airlines
MIA,PIT,AA,American Airlines
MIA,PLS,AA,American Airlines
MIA,PNS,AA,American Airlines
MIA,POP,AA,American Airlines
MIA,POS,AA,American Airlines
MIA,PTP,AA,American Airlines
MIA,PTY,AA,American Airlines
MIA,PUJ,AA,American Airlines
MIA,RDU,AA,American Airlines
MIA,REC,AA,American Airlines
MIA,RIC,AA,American Airlines
MIA,RTB,AA,American Airlines
MIA,SAL,AA,American Airlines
MIA,SAN,AA,American Airlines
MIA,SAP,AA,American Airlines
MIA,SCL,AA,American Airlines
MIA,SDF,AA,American Airlines
MIA,SDQ,AA,American Airlines
MIA,SEA,AA,American Airlines
MIA,SFO,AA,American Airlines
MIA,SJO,AA,American Airlines
MIA,SJU,AA,American Airlines
MIA,SKB,AA,American Airlines
MIA,SSA,AA,American Airlines
MIA,STI,AA,American Airlines
MIA,STL,AA,American Airlines
MIA,STT,AA,American Airlines
MIA,STX,AA,American Airlines
MIA,SXM,AA,American Airlines
MIA,TGU,AA,American Airlines
MIA,TLH,AA,American Airlines
MIA,TPA,AA,American Airlines
MIA,TUL,AA,American Airlines
MIA,TXL,AA,American Airlines
MIA,UIO,AA,American Airlines
MIA,UVF,AA,American Airlines
MIA,YYZ,AA,American Airlines
MIA,POA,AA,American Airlines
MIA,VVI,AA,American Airlines
AQP,LIM,AA,American Airlines
AQP,JUL,AA,American Airlines
LIM,SCL,AA,American Airlines
AUH,CMB,AA,American Airlines
AUH,DUS,AA,American Airlines
AUH,IAD,AA,American Airlines
AUH,ISB,AA,American Airlines
AUH,LHE,AA,American Airlines
AUH,MCT,AA,American Airlines
DUS,RSW,AA,American Airlines
IAD,DOH,AA,American Airlines
AUS,MSY,AA,American Airlines
BAH,DOH,AA,American Airlines
DOH,IAH,AA,American Airlines
BDL,PIT,AA,American Airlines
PIT,BOS,AA,American Airlines
PIT,LGA,AA,American Airlines
PIT,RDU,AA,American Airlines
PIT,STL,AA,American Airlines
BJL,DKR,AA,American Airlines
DKR,LPA,AA,American Airlines
BKK,KUL,AA,American Airlines
BKK,NRT,AA,American Airlines
KUL,CDG,AA,American Airlines
KUL,FRA,AA,American Airlines
KUL,LGK,AA,American Airlines
KUL,NRT,AA,American Airlines
KUL,PEN,AA,American Airlines
KUL,SIN,AA,American Airlines
NRT,BOS,AA,American Airlines
NRT,CTS,AA,American Airlines
NRT,FUK,AA,American Airlines
NRT,HAN,AA,American Airlines
NRT,HKG,AA,American Airlines
NRT,HNL,AA,American Airlines
NRT,ICN,AA,American Airlines
NRT,ITM,AA,American Airlines
NRT,KHH,AA,American Airlines
NRT,NGO,AA,American Airlines
NRT,PUS,AA,American Airlines
NRT,SAN,AA,American Airlines
NRT,SGN,AA,American Airlines
NRT,SIN,AA,American Airlines
NRT,TPE,AA,American Airlines
NRT,YVR,AA,American Airlines
BNA,LGA,AA,American Airlines
LGA,BOS,AA,American Airlines
LGA,CHO,AA,American Airlines
LGA,CMH,AA,American Airlines
LGA,DAY,AA,American Airlines
LGA,DTW,AA,American Airlines
LGA,GSO,AA,American Airlines
LGA,ILM,AA,American Airlines
LGA,LIT,AA,American Airlines
LGA,ORF,AA,American Airlines
LGA,PBI,AA,American Airlines
LGA,RDU,AA,American Airlines
LGA,RIC,AA,American Airlines
LGA,ROA,AA,American Airlines
LGA,SDF,AA,American Airlines
LGA,STL,AA,American Airlines
LGA,TYS,AA,American Airlines
LGA,XNA,AA,American Airlines
LGA,YYZ,AA,American Airlines
CBR,MEL,AA,American Airlines
MEL,PER,AA,American Airlines
BOS,BUF,AA,American Airlines
BOS,CUN,AA,American Airlines
BOS,MAD,AA,American Airlines
BOS,MDT,AA,American Airlines
BOS,PDX,AA,American Airlines
BOS,RIC,AA,American Airlines
BOS,ROC,AA,American Airlines
BOS,SAN,AA,American Airlines
BOS,SEA,AA,American Airlines
BOS,SYR,AA,American Airlines
MAD,LPA,AA,American Airlines
PDX,BUR,AA,American Airlines
PDX,EUG,AA,American Airlines
PDX,LGB,AA,American Airlines
PDX,OAK,AA,American Airlines
PDX,ONT,AA,American Airlines
PDX,SAN,AA,American Airlines
PDX,SFO,AA,American Airlines
PDX,SJC,AA,American Airlines
PDX,SNA,AA,American Airlines
PDX,YVR,AA,American Airlines
SAN,MCO,AA,American Airlines
SAN,PVR,AA,American Airlines
SAN,SEA,AA,American Airlines
SAN,STS,AA,American Airlines
SAN,YYC,AA,American Airlines
SEA,BUR,AA,American Airlines
SEA,DEN,AA,American Airlines
SEA,EWR,AA,American Airlines
SEA,KTN,AA,American Airlines
SEA,LGB,AA,American Airlines
SEA,MCI,AA,American Airlines
SEA,MCO,AA,American Airlines
SEA,OAK,AA,American Airlines
SEA,ONT,AA,American Airlines
SEA,PEK,AA,American Airlines
SEA,SFO,AA,American Airlines
SEA,SJC,AA,American Airlines
SEA,SMF,AA,American Airlines
SEA,SNA,AA,American Airlines
SEA,STL,AA,American Airlines
SEA,YVR,AA,American Airlines
CCS,SJU,AA,American Airlines
SJU,DOM,AA,American Airlines
SJU,EIS,AA,American Airlines
SJU,FDF,AA,American Airlines
SJU,PTP,AA,American Airlines
SJU,VIJ,AA,American Airlines
SJU,VQS,AA,American Airlines
EWR,HKG,AA,American Airlines
EWR,ORY,AA,American Airlines
FLL,PAP,AA,American Airlines
GRU,MCO,AA,American Airlines
LAS,LGW,AA,American Airlines
LAS,YEG,AA,American Airlines
LAS,YVR,AA,American Airlines
LAS,YYC,AA,American Airlines
LAS,YYZ,AA,American Airlines
LIR,SJO,AA,American Airlines
MCO,LGW,AA,American Airlines
MCO,YYZ,AA,American Airlines
SFO,HKG,AA,American Airlines
SFO,HND,AA,American Airlines
SFO,PSP,AA,American Airlines
SFO,PVR,AA,American Airlines
SMF,OGG,AA,American Airlines
TPA,LGW,AA,American Airlines
CWB,POA,AA,American Airlines
GDL,SJC,AA,American Airlines
HNL,HND,AA,American Airlines
HNL,KIX,AA,American Airlines
HNL,NGO,AA,American Airlines
HNL,OAK,AA,American Airlines
HNL,SJC,AA,American Airlines
OGG,OAK,AA,American Airlines
OGG,SJC,AA,American Airlines
SCL,PMC,AA,American Airlines
SJC,KOA,AA,American Airlines
SJC,LIH,AA,American Airlines
GYE,SCY,AA,American Airlines
GYE,UIO,AA,American Airlines
HEL,MAN,AA,American Airlines
OAK,KOA,AA,American Airlines
OAK,LIH,AA,American Airlines
JNU,KTN,AA,American Airlines
LPB,VVI,AA,American Airlines
PMC,PUQ,AA,American Airlines
