ADD,NBO,OZ,Ozark Air Lines
NBO,IST,OZ,Ozark Air Lines
AKL,NRT,OZ,Ozark Air Lines
NRT,ICN,OZ,Ozark Air Lines
NRT,PUS,OZ,Ozark Air Lines
ALA,ICN,OZ,Ozark Air Lines
ICN,AUH,OZ,Ozark Air Lines
ICN,BKI,OZ,Ozark Air Lines
ICN,BKK,OZ,Ozark Air Lines
ICN,CAN,OZ,Ozark Air Lines
ICN,CDG,OZ,Ozark Air Lines
ICN,CEB,OZ,Ozark Air Lines
ICN,CGK,OZ,Ozark Air Lines
ICN,CGQ,OZ,Ozark Air Lines
ICN,CJU,OZ,Ozark Air Lines
ICN,CKG,OZ,Ozark Air Lines
ICN,CRK,OZ,Ozark Air Lines
ICN,CSX,OZ,Ozark Air Lines
ICN,CTU,OZ,Ozark Air Lines
ICN,DAD,OZ,Ozark Air Lines
ICN,DEL,OZ,Ozark Air Lines
ICN,DLC,OZ,Ozark Air Lines
ICN,DOH,OZ,Ozark Air Lines
ICN,DPS,OZ,Ozark Air Lines
ICN,FRA,OZ,Ozark Air Lines
ICN,FSZ,OZ,Ozark Air Lines
ICN,FUK,OZ,Ozark Air Lines
ICN,HAN,OZ,Ozark Air Lines
ICN,HFE,OZ,Ozark Air Lines
ICN,HGH,OZ,Ozark Air Lines
ICN,HIJ,OZ,Ozark Air Lines
ICN,HKG,OZ,Ozark Air Lines
ICN,HKT,OZ,Ozark Air Lines
ICN,HND,OZ,Ozark Air Lines
ICN,HNL,OZ,Ozark Air Lines
ICN,HRB,OZ,Ozark Air Lines
ICN,IST,OZ,Ozark Air Lines
ICN,JFK,OZ,Ozark Air Lines
ICN,KHH,OZ,Ozark Air Lines
ICN,KHN,OZ,Ozark Air Lines
ICN,KHV,OZ,Ozark Air Lines
ICN,KIX,OZ,Ozark Air Lines
ICN,KMI,OZ,Ozark Air Lines
ICN,KMJ,OZ,Ozark Air Lines
ICN,KWL,OZ,Ozark Air Lines
ICN,LAX,OZ,Ozark Air Lines
ICN,LHR,OZ,Ozark Air Lines
ICN,LJG,OZ,Ozark Air Lines
ICN,MFM,OZ,Ozark Air Lines
ICN,MNL,OZ,Ozark Air Lines
ICN,MYJ,OZ,Ozark Air Lines
ICN,NGB,OZ,Ozark Air Lines
ICN,NGO,OZ,Ozark Air Lines
ICN,NKG,OZ,Ozark Air Lines
ICN,OKA,OZ,Ozark Air Lines
ICN,ORD,OZ,Ozark Air Lines
ICN,PEK,OZ,Ozark Air Lines
ICN,PNH,OZ,Ozark Air Lines
ICN,PVG,OZ,Ozark Air Lines
ICN,REP,OZ,Ozark Air Lines
ICN,RGN,OZ,Ozark Air Lines
ICN,ROR,OZ,Ozark Air Lines
ICN,SDJ,OZ,Ozark Air Lines
ICN,SEA,OZ,Ozark Air Lines
ICN,SFO,OZ,Ozark Air Lines
ICN,SGN,OZ,Ozark Air Lines
ICN,SIN,OZ,Ozark Air Lines
ICN,SPN,OZ,Ozark Air Lines
ICN,SYD,OZ,Ozark Air Lines
ICN,SZX,OZ,Ozark Air Lines
ICN,TAK,OZ,Ozark Air Lines
ICN,TAO,OZ,Ozark Air Lines
ICN,TAS,OZ,Ozark Air Lines
ICN,TNA,OZ,Ozark Air Lines
ICN,TOY,OZ,Ozark Air Lines
ICN,TPE,OZ,Ozark Air Lines
ICN,TSN,OZ,Ozark Air Lines
ICN,TXN,OZ,Ozark Air Lines
ICN,UBJ,OZ,Ozark Air Lines
ICN,UUS,OZ,Ozark Air Lines
ICN,VVO,OZ,Ozark Air Lines
ICN,XIY,OZ,Ozark Air Lines
ICN,YGJ,OZ,Ozark Air Lines
ICN,YNJ,OZ,Ozark Air Lines
ICN,YNT,OZ,Ozark Air Lines
ICN,YVR,OZ,Ozark Air Lines
ATL,JFK,OZ,Ozark Air Lines
ATL,ORD,OZ,Ozark Air Lines
BKK,CEI,OZ,Ozark Air Lines
BKK,PUS,OZ,Ozark Air Lines
PUS,CAN,OZ,Ozark Air Lines
PUS,CJU,OZ,Ozark Air Lines
PUS,FUK,OZ,Ozark Air Lines
PUS,GMP,OZ,Ozark Air Lines
PUS,HGH,OZ,Ozark Air Lines
PUS,KIX,OZ,Ozark Air Lines
PUS,KWL,OZ,Ozark Air Lines
PUS,MNL,OZ,Ozark Air Lines
PUS,OKA,OZ,Ozark Air Lines
PUS,PEK,OZ,Ozark Air Lines
PUS,PVG,OZ,Ozark Air Lines
PUS,SHE,OZ,Ozark Air Lines
PUS,SPN,OZ,Ozark Air Lines
PUS,TAO,OZ,Ozark Air Lines
PUS,TXN,OZ,Ozark Air Lines
CJJ,CJU,OZ,Ozark Air Lines
CJJ,PEK,OZ,Ozark Air Lines
CJU,FUK,OZ,Ozark Air Lines
CJU,GMP,OZ,Ozark Air Lines
CJU,HIN,OZ,Ozark Air Lines
CJU,KPO,OZ,Ozark Air Lines
CJU,KWJ,OZ,Ozark Air Lines
CJU,MWX,OZ,Ozark Air Lines
CJU,TAE,OZ,Ozark Air Lines
PEK,GMP,OZ,Ozark Air Lines
PEK,MWX,OZ,Ozark Air Lines
GMP,HND,OZ,Ozark Air Lines
GMP,KIX,OZ,Ozark Air Lines
GMP,KPO,OZ,Ozark Air Lines
GMP,KWJ,OZ,Ozark Air Lines
GMP,RSU,OZ,Ozark Air Lines
GMP,SHA,OZ,Ozark Air Lines
GMP,USN,OZ,Ozark Air Lines
CPT,JNB,OZ,Ozark Air Lines
JNB,SIN,OZ,Ozark Air Lines
CTU,HFE,OZ,Ozark Air Lines
CTU,TAO,OZ,Ozark Air Lines
DEL,HKG,OZ,Ozark Air Lines
KIX,SPN,OZ,Ozark Air Lines
IST,MUC,OZ,Ozark Air Lines
IST,VIE,OZ,Ozark Air Lines
IST,ZRH,OZ,Ozark Air Lines
LAX,MSY,OZ,Ozark Air Lines
