AIA,CDR,ZK,Great Lakes Airlines
AIA,DEN,ZK,Great Lakes Airlines
CDR,DEN,ZK,Great Lakes Airlines
ALS,DEN,ZK,Great Lakes Airlines
ALS,FMN,ZK,Great Lakes Airlines
DEN,BFF,ZK,Great Lakes Airlines
DEN,CEZ,ZK,Great Lakes Airlines
DEN,CYS,ZK,Great Lakes Airlines
DEN,DDC,ZK,Great Lakes Airlines
DEN,EAR,ZK,Great Lakes Airlines
DEN,FMN,ZK,Great Lakes Airlines
DEN,LBF,ZK,Great Lakes Airlines
DEN,LBL,ZK,Great Lakes Airlines
DEN,MCK,ZK,Great Lakes Airlines
DEN,PGA,ZK,Great Lakes Airlines
DEN,PIR,ZK,Great Lakes Airlines
DEN,RIW,ZK,Great Lakes Airlines
DEN,SHR,ZK,Great Lakes Airlines
FMN,SOW,ZK,Great Lakes Airlines
ATY,MSP,ZK,Great Lakes Airlines
ATY,PIR,ZK,Great Lakes Airlines
PIR,HON,ZK,Great Lakes Airlines
CYS,WRL,ZK,Great Lakes Airlines
DDC,LBL,ZK,Great Lakes Airlines
PGA,IGM,ZK,Great Lakes Airlines
PGA,PHX,ZK,Great Lakes Airlines
SOW,PHX,ZK,Great Lakes Airlines
IGM,LAX,ZK,Great Lakes Airlines
LAX,MCE,ZK,Great Lakes Airlines
LAX,PRC,ZK,Great Lakes Airlines
LAX,VIS,ZK,Great Lakes Airlines
PHX,SVC,ZK,Great Lakes Airlines
